session_id,comparison_event_id,measurement_id,camera_source,timestamp,timestamp_iso,processing_mode,calibration_id,calibration_method,object_type,geometry_method,geometry_confidence,length_mm,width_mm,height_mm,cylinder_diameter_mm,cylinder_height_mm,cylinder_fit_residual,bounding_box_volume_litres,mesh_or_shape_volume_litres,selected_volume_litres,volume_meaning,ground_truth_volume_litres,ground_truth_method,dataset_split,absolute_error_litres,percentage_error,colour,colour_confidence,material,material_confidence,sorting_result,overall_confidence,processing_time_ms,status,reason,model_version,pipeline_version,camera,sorting,diameter_mm,radius_mm,volume_liters,confidence,fit_confidence,rejection_reason,classification_note,quality_flag
unknown-session,cmp-b16cbc10b127,ec03856e9550929d,logitech,1790102305.2430077,2026-09-22T18:38:25+00:00,local,1c8464d00304,reference-distance-scale,plastic bottle,irregular_rigid,0.35,113.01,62.28,252.79,,,,1.779284,2.023643,2.023643,segmented_height_map_volume,,,,,,grey,0.4996,plastic,1.0,unknown,,1069.44,accepted,,yoloe-11l-seg.pt,19.23.0-local-ai,logitech,unknown,,,2.023643,,,,,usable
unknown-session,cmp-b16cbc10b127,cmp-b16cbc10b127-realsense-missing,realsense,1790102365.869,2026-09-22T18:39:25+00:00,,,,,,,,,,,,,,,,,,,,,,,,,,,,,missing,no_finalised_measurement_within_pairing_window,,,realsense,,,,,,,no_finalised_measurement_within_pairing_window,,missing
unknown-session,cmp-6e4629427237,df41514409a927d3,logitech,1790102373.4674337,2026-09-22T18:39:33+00:00,local,1c8464d00304,reference-distance-scale,cardboard box,irregular_rigid,0.6,68.43,61.31,110.53,,,,0.463729,0.399942,0.399942,segmented_height_map_volume,,,,,,yellow,0.5387,plastic,1.0,unknown,,912.99,accepted,,yoloe-11l-seg.pt,19.23.0-local-ai,logitech,unknown,,,0.399942,,,,,usable
unknown-session,cmp-b9343feca982,9525039a8c0496ef,logitech,1790102390.6749914,2026-09-22T18:39:50+00:00,local,1c8464d00304,reference-distance-scale,toy,cuboid,0.6397,105.77,61.46,62.34,,,,0.405281,0.345618,0.405281,cuboid_volume_l_w_h,,,,,,cyan,0.9114,plastic,1.0,unknown,,950.98,accepted,,yoloe-11l-seg.pt,19.23.0-local-ai,logitech,unknown,,,0.405281,,,,,usable
unknown-session,cmp-64bc899878d2,f2dede09324933c6,logitech,1790102428.7582257,2026-09-22T18:40:28+00:00,local,1c8464d00304,reference-distance-scale,plastic trash bag,flexible_or_unknown,0.6,416.03,207.27,292.02,,,,25.181263,15.470788,15.470788,current_external_occupied_volume,,,,,,black,0.7271,polythene bag,1.0,correct,,888.07,accepted,,yoloe-11l-seg.pt,19.23.0-local-ai,logitech,correct,,,15.470788,,,,,usable
unknown-session,cmp-6e4629427237,cmp-6e4629427237-realsense-missing,realsense,1790102433.588,2026-09-22T18:40:33+00:00,,,,,,,,,,,,,,,,,,,,,,,,,,,,,missing,no_finalised_measurement_within_pairing_window,,,realsense,,,,,,,no_finalised_measurement_within_pairing_window,,missing
unknown-session,cmp-b9343feca982,cmp-b9343feca982-realsense-missing,realsense,1790102451.279,2026-09-22T18:40:51+00:00,,,,,,,,,,,,,,,,,,,,,,,,,,,,,missing,no_finalised_measurement_within_pairing_window,,,realsense,,,,,,,no_finalised_measurement_within_pairing_window,,missing
unknown-session,cmp-64bc899878d2,cmp-64bc899878d2-realsense-missing,realsense,1790102489.389,2026-09-22T18:41:29+00:00,,,,,,,,,,,,,,,,,,,,,,,,,,,,,missing,no_finalised_measurement_within_pairing_window,,,realsense,,,,,,,no_finalised_measurement_within_pairing_window,,missing
unknown-session,cmp-cceebb8ceacc,463d2fc5da06630c,logitech,1790102673.0535693,2026-09-22T18:44:33+00:00,local,1c8464d00304,reference-distance-scale,milk carton,irregular_rigid,0.6,136.91,116.28,261.84,,,,4.168572,3.980941,3.980941,segmented_height_map_volume,,,,,,blue,0.9722,plastic,1.0,unknown,,865.41,accepted,,yoloe-11l-seg.pt,19.23.0-local-ai,logitech,unknown,,,3.980941,,,,,usable
unknown-session,cmp-cceebb8ceacc,12dc711d0bc1173a,realsense,1790102700.4008162,2026-09-22T18:45:00+00:00,local,39bc2db6435c,,drink carton,irregular_rigid,0.6,127.3,56.77,242.15,,,,1.749918,1.73641,1.73641,segmented_height_map_volume,,,,,,grey,0.5298,plastic,1.0,unknown,0.7709,933.15,accepted,,yoloe-11l-seg.pt,19.23.0-local-ai,realsense,unknown,,,1.73641,0.7709,,,,usable
unknown-session,cmp-2cf93c350fe3,bf788d3b8f089718,logitech,1790102748.7160146,2026-09-22T18:45:48+00:00,local,1c8464d00304,reference-distance-scale,toy,flexible_or_unknown,0.6,122.06,58.66,277.38,,,,1.98588,1.969969,1.969969,current_external_occupied_volume,,,,,,grey,0.691,plastic,1.0,unknown,,854.33,accepted,,yoloe-11l-seg.pt,19.23.0-local-ai,logitech,unknown,,,1.969969,,,,,paired_with_different_object
unknown-session,cmp-2cf93c350fe3,a1681d37b2ecc11e,realsense,1790102783.0904284,2026-09-22T18:46:23+00:00,local,39bc2db6435c,,plastic bottle,cylinder,0.578,85.01,85.01,253.07,85.01,253.07,0.09213,1.828977,1.436476,1.436476,cylinder_volume_pi_r2_h,,,,,,grey,0.5032,polythene bag,1.0,unknown,0.578,1052.61,accepted,,yoloe-11l-seg.pt,19.23.0-local-ai,realsense,unknown,85.01,44.31,1.436476,0.578,0.4267,,,paired_with_different_object
unknown-session,cmp-9f2633a6c582,5efcd4588f8987e2,realsense,1790103051.462194,2026-09-22T18:50:51+00:00,local,39bc2db6435c,,backpack,flexible_or_unknown,0.6,651.51,474.74,155.62,,,,48.13442,24.758136,24.758136,current_external_occupied_volume,,,,,,black,0.7232,mixed or general waste,1.0,unknown,0.65,875.55,accepted,,yoloe-11l-seg.pt,19.23.0-local-ai,realsense,unknown,,,24.758136,0.65,,,,usable
unknown-session,cmp-9f2633a6c582,aaaa5e3458cad59f,logitech,1790103072.019344,2026-09-22T18:51:12+00:00,local,1c8464d00304,reference-distance-scale,rucksack,irregular_rigid,0.6,694.74,533.44,174.74,,,,64.759989,25.204134,25.204134,segmented_height_map_volume,,,,,,black,0.6009,mixed or general waste,1.0,unknown,,893.54,accepted,,yoloe-11l-seg.pt,19.23.0-local-ai,logitech,unknown,,,25.204134,,,,,usable
unknown-session,cmp-c117319dcf51,d2b0866ac45789ba,realsense,1790103255.7094426,2026-09-22T18:54:15+00:00,local,39bc2db6435c,,plastic bottle,irregular_rigid,0.6,105.22,41.36,202.84,,,,0.88279,0.43238,0.43238,segmented_height_map_volume,,,,,,red,0.6759,polythene bag,1.0,unknown,0.815,970.69,accepted,,yoloe-11l-seg.pt,19.23.0-local-ai,realsense,unknown,,,0.43238,0.815,,,,usable
unknown-session,cmp-122311caa65d,4a2763f9219f7f0b,realsense,1790105123.1977527,2026-09-22T19:25:23+00:00,local,e5081e80c2f1,,plastic bottle,irregular_rigid,0.6,100.12,40.1,203.83,,,,0.8183,0.424499,0.424499,segmented_height_map_volume,,,,,,red,0.6679,paper,1.0,unknown,0.8089,893.61,accepted,,yoloe-11l-seg.pt,19.23.0-local-ai,realsense,unknown,,,0.424499,0.8089,,,,usable
unknown-session,cmp-122311caa65d,cmp-122311caa65d-logitech-missing,logitech,1790105182.828,2026-09-22T19:26:22+00:00,,,,,,,,,,,,,,,,,,,,,,,,,,,,,missing,no_finalised_measurement_within_pairing_window,,,logitech,,,,,,,no_finalised_measurement_within_pairing_window,,missing
unknown-session,cmp-bd87171ada32,b90feafea7481ef8,realsense,1790105301.6744926,2026-09-22T19:28:21+00:00,local,e5081e80c2f1,,book,cuboid,0.7222,401.49,237.41,127.26,,,,12.130024,14.139357,12.130024,cuboid_volume_l_w_h,,,,,,black,0.7762,plastic,1.0,unknown,0.8112,888.67,accepted,,yoloe-11l-seg.pt,19.23.0-local-ai,realsense,unknown,,,12.130024,0.8112,,,,usable
unknown-session,cmp-bd87171ada32,cmp-bd87171ada32-logitech-missing,logitech,1790105361.925,2026-09-22T19:29:21+00:00,,,,,,,,,,,,,,,,,,,,,,,,,,,,,missing,no_finalised_measurement_within_pairing_window,,,logitech,,,,,,,no_finalised_measurement_within_pairing_window,,missing
unknown-session,cmp-01ff6f400c96,30417726735ac530,realsense,1790106585.5768082,2026-09-22T19:49:45+00:00,local,30df75bf4763,,slipper,irregular_rigid,0.6,568.05,305.66,27.37,,,,4.752959,2.487379,2.487379,segmented_height_map_volume,,,,,,orange,0.6075,metal,1.0,mis_sort,0.65,942.97,accepted,,yoloe-11l-seg.pt,19.23.0-local-ai,realsense,mis_sort,,,2.487379,0.65,,,,usable
unknown-session,cmp-d996a6bace73,611ac819d10f25d7,realsense,1790106599.6228864,2026-09-22T19:49:59+00:00,local,30df75bf4763,,plastic bottle,irregular_rigid,0.6,92.53,37.92,205.79,,,,0.722143,0.394125,0.394125,segmented_height_map_volume,,,,,,grey,0.8086,polythene bag,1.0,unknown,0.8013,1014.88,accepted,,yoloe-11l-seg.pt,19.23.0-local-ai,realsense,unknown,,,0.394125,0.8013,,,,usable
unknown-session,cmp-048048c02cd6,202bf3a253d1ee3c,realsense,1790106610.5882478,2026-09-22T19:50:10+00:00,local,30df75bf4763,,slipper,irregular_rigid,0.6,469.94,294.07,27.59,,,,3.812529,2.430926,2.430926,segmented_height_map_volume,,,,,,orange,0.568,plastic,1.0,mis_sort,0.65,926.81,accepted,,yoloe-11l-seg.pt,19.23.0-local-ai,realsense,mis_sort,,,2.430926,0.65,,,,usable
unknown-session,cmp-01ff6f400c96,cmp-01ff6f400c96-logitech-missing,logitech,1790106645.515,2026-09-22T19:50:45+00:00,,,,,,,,,,,,,,,,,,,,,,,,,,,,,missing,no_finalised_measurement_within_pairing_window,,,logitech,,,,,,,no_finalised_measurement_within_pairing_window,,missing
unknown-session,cmp-d996a6bace73,cmp-d996a6bace73-logitech-missing,logitech,1790106659.561,2026-09-22T19:50:59+00:00,,,,,,,,,,,,,,,,,,,,,,,,,,,,,missing,no_finalised_measurement_within_pairing_window,,,logitech,,,,,,,no_finalised_measurement_within_pairing_window,,missing
unknown-session,cmp-048048c02cd6,cmp-048048c02cd6-logitech-missing,logitech,1790106670.312,2026-09-22T19:51:10+00:00,,,,,,,,,,,,,,,,,,,,,,,,,,,,,missing,no_finalised_measurement_within_pairing_window,,,logitech,,,,,,,no_finalised_measurement_within_pairing_window,,missing
unknown-session,cmp-a6c707da19e1,e2e39410cba8fc19,realsense,1790106696.2358294,2026-09-22T19:51:36+00:00,local,30df75bf4763,,toy,flexible_or_unknown,0.6,271.26,210.27,56.1,,,,3.199729,0.986562,0.986562,current_external_occupied_volume,,,,,,grey,0.3512,metal,1.0,unknown,0.8497,918.4,accepted,,yoloe-11l-seg.pt,19.23.0-local-ai,realsense,unknown,,,0.986562,0.8497,,,,usable
unknown-session,cmp-2b5d0781e4f2,820dfeaa0e77e947,realsense,1790106709.5151558,2026-09-22T19:51:49+00:00,local,30df75bf4763,,slipper,irregular_rigid,0.35,284.81,173.45,25.23,,,,1.24652,1.415321,1.415321,segmented_height_map_volume,,,,,,grey,0.3775,plastic,1.0,mis_sort,0.5,951.5,accepted,,yoloe-11l-seg.pt,19.23.0-local-ai,realsense,mis_sort,,,1.415321,0.5,,,,usable
unknown-session,cmp-a6c707da19e1,cmp-a6c707da19e1-logitech-missing,logitech,1790106756.096,2026-09-22T19:52:36+00:00,,,,,,,,,,,,,,,,,,,,,,,,,,,,,missing,no_finalised_measurement_within_pairing_window,,,logitech,,,,,,,no_finalised_measurement_within_pairing_window,,missing
unknown-session,cmp-2b5d0781e4f2,cmp-2b5d0781e4f2-logitech-missing,logitech,1790106769.389,2026-09-22T19:52:49+00:00,,,,,,,,,,,,,,,,,,,,,,,,,,,,,missing,no_finalised_measurement_within_pairing_window,,,logitech,,,,,,,no_finalised_measurement_within_pairing_window,,missing
unknown-session,cmp-743cfaf61a4d,9003a56048a8b617,realsense,1790106772.081189,2026-09-22T19:52:52+00:00,local,30df75bf4763,,slipper,irregular_rigid,0.6,284.58,200.23,26.0,,,,1.481417,1.483115,1.483115,segmented_height_map_volume,,,,,,blue,0.5131,unknown,0.0,mis_sort,0.5,1329.63,accepted,,yoloe-11l-seg.pt,19.23.0-local-ai,realsense,mis_sort,,,1.483115,0.5,,,,usable
unknown-session,cmp-743cfaf61a4d,cmp-743cfaf61a4d-logitech-missing,logitech,1790106832.931,2026-09-22T19:53:52+00:00,,,,,,,,,,,,,,,,,,,,,,,,,,,,,missing,no_finalised_measurement_within_pairing_window,,,logitech,,,,,,,no_finalised_measurement_within_pairing_window,,missing
unknown-session,cmp-370683c6286d,3a94e872361c1d53,realsense,1790106855.1794026,2026-09-22T19:54:15+00:00,local,30df75bf4763,,filled plastic waste bag,flexible_or_unknown,0.35,222.05,121.34,342.79,,,,9.235809,10.708103,10.708103,current_external_occupied_volume,,,,,,black,0.8598,mixed or general waste,1.0,correct,0.7345,932.85,accepted,,yoloe-11l-seg.pt,19.23.0-local-ai,realsense,correct,,,10.708103,0.7345,,,,usable
unknown-session,cmp-a1919167f395,f65d70ba3f8c65c4,realsense,1790113478.122432,2026-09-22T21:44:38+00:00,local,f8ba1c1b28c5,,cosmetic bottle,cylinder,0.4104,86.92,86.92,204.48,86.92,204.48,0.10993,1.544897,1.213359,1.213359,cylinder_volume_pi_r2_h,,,,,,red,0.6375,polythene bag,1.0,unknown,0.4104,903.0,accepted,,yoloe-11l-seg.pt,19.23.0-local-ai,realsense,unknown,86.92,43.46,1.213359,0.4104,0.421,,,usable
unknown-session,cmp-a1919167f395,cmp-a1919167f395-logitech-missing,logitech,1790113537.853,2026-09-22T21:45:37+00:00,,,,,,,,,,,,,,,,,,,,,,,,,,,,,missing,no_finalised_measurement_within_pairing_window,,,logitech,,,,,,,no_finalised_measurement_within_pairing_window,,missing
unknown-session,cmp-8f25e4a6fb6e,ed502a71dfa768bc,realsense,1790113599.9208245,2026-09-22T21:46:39+00:00,local,126340908ea1,,filled plastic waste bag,flexible_or_unknown,0.35,264.05,162.81,37.06,,,,1.593039,1.685735,1.685735,current_external_occupied_volume,,,,,,blue,0.7842,polythene bag,1.0,correct,0.65,1021.36,accepted,,yoloe-11l-seg.pt,19.23.0-local-ai,realsense,correct,,,1.685735,0.65,,,,usable
unknown-session,cmp-1b0523409f39,0b67021018a9c43e,logitech,1790189419.7168005,2026-09-23T18:50:19+00:00,local,,reference-distance-scale,cosmetic bottle,,,,,,,,,,,,,,,,,,black,0.0,plastic,0.6667,unknown,,1574.43,rejected,no_valid_measurement,yoloe-11l-seg.pt,19.23.0-local-ai,logitech,unknown,,,,,,no_valid_measurement,,rejected
unknown-session,cmp-c1e83ed72d6e,ff8b7b1c1bdbdcfd,realsense,1790193237.456734,2026-09-23T19:53:57+00:00,local,,,rigid household object,irregular_rigid,0.6,303.45,238.02,23.44,,,,1.692688,0.295204,0.295204,segmented_height_map_volume,,,,,,black,0.0,metal,1.0,mis_sort,0.85,863.37,accepted,,yoloe-11l-seg.pt,19.23.0-local-ai,realsense,mis_sort,,,0.295204,0.85,,,,usable
unknown-session,cmp-8916df3a3e94,1a6a5e0d393ab4a5,logitech,1790193480.1955698,2026-09-23T19:58:00+00:00,local,,reference-distance-scale,slipper,,,,,,,,,,,,,,,,,,grey,0.0,plastic,1.0,mis_sort,,1125.37,rejected,no_valid_measurement,yoloe-11l-seg.pt,19.23.0-local-ai,logitech,mis_sort,,,,,,no_valid_measurement,,rejected
unknown-session,cmp-a83a8ec76ab1,94980a84a9cc978b,logitech,1790193483.568303,2026-09-23T19:58:03+00:00,local,,reference-distance-scale,electrical item,,,,,,,,,,,,,,,,,,black,0.0,metal,1.0,mis_sort,,1025.01,rejected,no_valid_measurement,yoloe-11l-seg.pt,19.23.0-local-ai,logitech,mis_sort,,,,,,no_valid_measurement,,rejected
unknown-session,cmp-6a5e398cf79c,6a35cb4db134446a,logitech,1790193535.232298,2026-09-23T19:58:55+00:00,local,,reference-distance-scale,cosmetic bottle,,,,,,,,,,,,,,,,,,black,0.0,plastic,0.5,unknown,,936.86,rejected,no_valid_measurement,yoloe-11l-seg.pt,19.23.0-local-ai,logitech,unknown,,,,,,no_valid_measurement,,rejected
unknown-session,cmp-8916df3a3e94,cmp-8916df3a3e94-realsense-missing,realsense,1790193539.881,2026-09-23T19:58:59+00:00,,,,,,,,,,,,,,,,,,,,,,,,,,,,,missing,no_finalised_measurement_within_pairing_window,,,realsense,,,,,,,no_finalised_measurement_within_pairing_window,,missing
unknown-session,cmp-a83a8ec76ab1,cmp-a83a8ec76ab1-realsense-missing,realsense,1790193542.983,2026-09-23T19:59:02+00:00,,,,,,,,,,,,,,,,,,,,,,,,,,,,,missing,no_finalised_measurement_within_pairing_window,,,realsense,,,,,,,no_finalised_measurement_within_pairing_window,,missing
unknown-session,cmp-6a5e398cf79c,cmp-6a5e398cf79c-realsense-missing,realsense,1790193594.177,2026-09-23T19:59:54+00:00,,,,,,,,,,,,,,,,,,,,,,,,,,,,,missing,no_finalised_measurement_within_pairing_window,,,realsense,,,,,,,no_finalised_measurement_within_pairing_window,,missing
unknown-session,cmp-fc7cea2189e2,18ef0cb9fb7a4e2e,realsense,1790193738.2781,2026-09-23T20:02:18+00:00,local,,,unknown deposited object,flexible_or_unknown,0.6,227.57,174.71,117.72,,,,4.680313,3.203983,3.203983,current_external_occupied_volume,,,,,,red,0.0,polythene bag,1.0,correct,0.835,888.75,accepted,,yoloe-11l-seg.pt,19.23.0-local-ai,realsense,correct,,,3.203983,0.835,,,,usable
unknown-session,cmp-c5b44afb6691,ef823b314300845a,realsense,1790193758.0106936,2026-09-23T20:02:38+00:00,local,,,rigid household object,irregular_rigid,0.35,207.94,108.93,546.38,,,,12.375863,14.037838,14.037838,segmented_height_map_volume,,,,,,black,0.0,metal,1.0,unknown,0.65,1044.66,accepted,,yoloe-11l-seg.pt,19.23.0-local-ai,realsense,unknown,,,14.037838,0.65,,,,usable
unknown-session,cmp-fc7cea2189e2,cmp-fc7cea2189e2-logitech-missing,logitech,1790193797.302,2026-09-23T20:03:17+00:00,,,,,,,,,,,,,,,,,,,,,,,,,,,,,missing,no_finalised_measurement_within_pairing_window,,,logitech,,,,,,,no_finalised_measurement_within_pairing_window,,missing
unknown-session,cmp-c5b44afb6691,ca7934b6d00910e4,logitech,1790193802.6013649,2026-09-23T20:03:22+00:00,local,,reference-distance-scale,rigid household object,,,,,,,,,,,,,,,,,,black,0.0,paper,0.75,unknown,,900.44,rejected,no_valid_measurement,yoloe-11l-seg.pt,19.23.0-local-ai,logitech,unknown,,,,,,no_valid_measurement,,rejected
unknown-session,cmp-5e45445a1d72,0082236c446b3844,realsense,1790193867.264857,2026-09-23T20:04:27+00:00,local,,,electronic item,flexible_or_unknown,0.6,441.83,241.38,688.69,,,,73.448411,33.027592,33.027592,current_external_occupied_volume,,,,,,black,0.0,polythene bag,1.0,unknown,0.5904,1157.01,accepted,,yoloe-11l-seg.pt,19.23.0-local-ai,realsense,unknown,,,33.027592,0.5904,,,,usable
unknown-session,cmp-5e45445a1d72,cmp-5e45445a1d72-logitech-missing,logitech,1790193928.367,2026-09-23T20:05:28+00:00,,,,,,,,,,,,,,,,,,,,,,,,,,,,,missing,no_finalised_measurement_within_pairing_window,,,logitech,,,,,,,no_finalised_measurement_within_pairing_window,,missing
unknown-session,cmp-42839b8dcb21,b364b9eca1b07883,realsense,1790193991.8799243,2026-09-23T20:06:31+00:00,local,,,charger,irregular_rigid,0.35,166.2,37.25,257.19,,,,1.592101,2.139103,2.139103,segmented_height_map_volume,,,,,,grey,0.0,paper,1.0,mis_sort,0.85,1049.07,accepted,,yoloe-11l-seg.pt,19.23.0-local-ai,realsense,mis_sort,,,2.139103,0.85,,,,usable
unknown-session,cmp-42839b8dcb21,cmp-42839b8dcb21-logitech-missing,logitech,1790194051.462,2026-09-23T20:07:31+00:00,,,,,,,,,,,,,,,,,,,,,,,,,,,,,missing,no_finalised_measurement_within_pairing_window,,,logitech,,,,,,,no_finalised_measurement_within_pairing_window,,missing
unknown-session,cmp-1b8069616c4a,b54ee8f4f6902778,realsense,1790194067.9654794,2026-09-23T20:07:47+00:00,local,,,rigid household object,irregular_rigid,0.6,121.94,59.55,62.1,,,,0.450903,0.380033,0.380033,segmented_height_map_volume,,,,,,black,0.0,fabric or textile,1.0,mis_sort,0.6329,970.79,accepted,,yoloe-11l-seg.pt,19.23.0-local-ai,realsense,mis_sort,,,0.380033,0.6329,,,,usable
unknown-session,cmp-1b8069616c4a,cmp-1b8069616c4a-logitech-missing,logitech,1790194127.866,2026-09-23T20:08:47+00:00,,,,,,,,,,,,,,,,,,,,,,,,,,,,,missing,no_finalised_measurement_within_pairing_window,,,logitech,,,,,,,no_finalised_measurement_within_pairing_window,,missing
unknown-session,cmp-e4ac55330059,672d450d7af26e5c,realsense,1790194129.4266782,2026-09-23T20:08:49+00:00,local,,,can,hemisphere,0.644,91.39,79.22,44.01,,,,0.318578,0.23863,0.162499,hemisphere_analytic_volume,,,,,,blue,0.5856,plastic,1.0,unknown,0.85,1016.82,accepted,,yoloe-11l-seg.pt,19.23.0-local-ai,realsense,unknown,,,0.162499,0.85,0.644,,,usable
unknown-session,cmp-e4ac55330059,cmp-e4ac55330059-logitech-missing,logitech,1790194189.721,2026-09-23T20:09:49+00:00,,,,,,,,,,,,,,,,,,,,,,,,,,,,,missing,no_finalised_measurement_within_pairing_window,,,logitech,,,,,,,no_finalised_measurement_within_pairing_window,,missing
unknown-session,cmp-afa209b1b8eb,0de9af464d97d8f6,realsense,1790194251.3672075,2026-09-23T20:10:51+00:00,local,,,electronic item,ellipsoid,0.6812,285.46,145.69,38.47,,,,1.600031,1.000809,1.000809,ellipsoid_analytic_volume,,,,,,grey,0.0,polythene bag,1.0,unknown,0.85,1163.1,rejected,unstable_volume,yoloe-11l-seg.pt,19.23.0-local-ai,realsense,unknown,,,1.000809,0.85,0.6795,unstable_volume,,rejected
unknown-session,cmp-11f20c1805bc,ac20cc42b45890aa,logitech,1790195630.7509005,2026-09-23T20:33:50+00:00,local,27de73db1d7e,reference-distance-scale,plastic bottle,,,,,,,,,,,,,,,,,,grey,0.0,polythene bag,0.5,unknown,,905.75,rejected,no_valid_measurement,yoloe-11l-seg.pt,19.23.0-local-ai,logitech,unknown,,,,,,no_valid_measurement,,rejected
unknown-session,cmp-11f20c1805bc,370d3f3ac7de887f,realsense,1790195658.7692723,2026-09-23T20:34:18+00:00,local,,,sneaker,irregular_rigid,0.6,126.28,91.78,470.67,,,,5.455267,1.96897,1.96897,segmented_height_map_volume,,,,,,black,0.9401,fabric or textile,1.0,mis_sort,0.65,931.06,accepted,,yoloe-11l-seg.pt,19.23.0-local-ai,realsense,mis_sort,,,1.96897,0.65,,,,usable
unknown-session,cmp-5b28575f1288,6fba1356645999cd,realsense,1790195766.0735445,2026-09-23T20:36:06+00:00,local,,,rigid household object,irregular_rigid,0.6,183.57,48.23,73.7,,,,0.652446,0.304351,0.304351,segmented_height_map_volume,,,,,,black,0.0,mixed or general waste,1.0,unknown,0.85,978.27,accepted,,yoloe-11l-seg.pt,19.23.0-local-ai,realsense,unknown,,,0.304351,0.85,,,,usable
unknown-session,cmp-5b28575f1288,cmp-5b28575f1288-logitech-missing,logitech,1790195825.049,2026-09-23T20:37:05+00:00,,,,,,,,,,,,,,,,,,,,,,,,,,,,,missing,no_finalised_measurement_within_pairing_window,,,logitech,,,,,,,no_finalised_measurement_within_pairing_window,,missing
unknown-session,cmp-cb14809a2874,7a4a26f632430a75,logitech,1790196050.8966887,2026-09-23T20:40:50+00:00,local,27de73db1d7e,reference-distance-scale,rigid household object,,,,,,,,,,,,,,,,,,black,0.0,polythene bag,1.0,unknown,,976.19,rejected,no_valid_measurement,yoloe-11l-seg.pt,19.23.0-local-ai,logitech,unknown,,,,,,no_valid_measurement,,rejected
unknown-session,cmp-cb14809a2874,7300609f3507b268,realsense,1790196066.8445444,2026-09-23T20:41:06+00:00,local,,,electronic item,flexible_or_unknown,0.6,622.77,151.98,658.6,,,,62.335522,34.960886,34.960886,current_external_occupied_volume,,,,,,black,0.0,mixed or general waste,1.0,unknown,0.65,824.51,accepted,,yoloe-11l-seg.pt,19.23.0-local-ai,realsense,unknown,,,34.960886,0.65,,,,usable
unknown-session,cmp-ec9c05f0c34c,d519f8e828b86ca5,realsense,1790196315.4998915,2026-09-23T20:45:15+00:00,local,,,unknown deposited object,uncertain,0.1,3003.11,538.2,462.22,,,,,78.722397,77.369949,unavailable,,,,,,brown,0.643,fabric or textile,1.0,unknown,0.65,938.23,accepted,,yoloe-11l-seg.pt,19.23.0-local-ai,realsense,unknown,,,77.369949,0.65,,,,implausible_size_outlier
unknown-session,cmp-ec9c05f0c34c,cmp-ec9c05f0c34c-logitech-missing,logitech,1790196374.655,2026-09-23T20:46:14+00:00,,,,,,,,,,,,,,,,,,,,,,,,,,,,,missing,no_finalised_measurement_within_pairing_window,,,logitech,,,,,,,no_finalised_measurement_within_pairing_window,,missing
unknown-session,cmp-bb15749f46eb,caa511c0c277e018,realsense,1790196486.4752533,2026-09-23T20:48:06+00:00,local,,,shoe,irregular_rigid,0.6,228.39,99.83,70.59,,,,1.609535,0.65538,0.65538,segmented_height_map_volume,,,,,,black,0.0,fabric or textile,1.0,mis_sort,0.85,919.67,accepted,,yoloe-11l-seg.pt,19.23.0-local-ai,realsense,mis_sort,,,0.65538,0.85,,,,usable
unknown-session,cmp-bb15749f46eb,6eb08b3cea8f21b4,logitech,1790196657.1062577,2026-09-23T20:50:57+00:00,local,27de73db1d7e,reference-distance-scale,rigid household object,,,,,,,,,,,,,,,,,,black,0.0,polythene bag,1.0,unknown,,932.83,rejected,no_valid_measurement,yoloe-11l-seg.pt,19.23.0-local-ai,logitech,unknown,,,,,,no_valid_measurement,,rejected
unknown-session,cmp-0d8b212ceeba,7d635c92d9936d57,realsense,1790197419.884075,2026-09-23T21:03:39+00:00,local,f75a39fc643b,,cosmetic bottle,irregular_rigid,0.6,98.26,81.73,179.71,,,,1.443188,0.404998,0.404998,segmented_height_map_volume,,,,,,blue,0.7764,polythene bag,1.0,unknown,0.7916,952.08,accepted,,yoloe-11l-seg.pt,19.23.0-local-ai,realsense,unknown,,,0.404998,0.7916,,,,paired_with_different_object
unknown-session,cmp-0d8b212ceeba,a0c8a1dbcb921b34,logitech,1790197541.043756,2026-09-23T21:05:41+00:00,local,c917802cb4dc,reference-distance-scale,book,irregular_rigid,0.6,289.26,210.68,109.43,,,,6.668639,6.208732,6.208732,segmented_height_map_volume,,,,,,black,0.5609,polythene bag,1.0,unknown,0.6,933.7,accepted,,yoloe-11l-seg.pt,19.23.0-local-ai,logitech,unknown,,,6.208732,0.6,,,,paired_with_different_object
unknown-session,cmp-d69ce6d59e09,a9287893cf25a561,logitech,1790197550.5511305,2026-09-23T21:05:50+00:00,local,c917802cb4dc,reference-distance-scale,textile item,irregular_rigid,0.6,334.32,126.13,441.28,,,,18.6084,12.066418,12.066418,segmented_height_map_volume,,,,,,black,0.7857,metal,1.0,unknown,0.6,896.31,accepted,,yoloe-11l-seg.pt,19.23.0-local-ai,logitech,unknown,,,12.066418,0.6,,,,usable
unknown-session,cmp-d69ce6d59e09,cmp-d69ce6d59e09-realsense-missing,realsense,1790197610.602,2026-09-23T21:06:50+00:00,,,,,,,,,,,,,,,,,,,,,,,,,,,,,missing,no_finalised_measurement_within_pairing_window,,,realsense,,,,,,,no_finalised_measurement_within_pairing_window,,missing
unknown-session,cmp-3f3eac354235,b5dfb3bac05d42ac,logitech,1790197781.2418003,2026-09-23T21:09:41+00:00,local,c917802cb4dc,reference-distance-scale,cardboard box,irregular_rigid,0.6,63.14,62.18,177.21,,,,0.695706,0.605141,0.605141,segmented_height_map_volume,,,,,,black,0.8518,cardboard,1.0,unknown,0.6,916.5,accepted,,yoloe-11l-seg.pt,19.23.0-local-ai,logitech,unknown,,,0.605141,0.6,,,,usable
unknown-session,cmp-3f3eac354235,cmp-3f3eac354235-realsense-missing,realsense,1790197841.013,2026-09-23T21:10:41+00:00,,,,,,,,,,,,,,,,,,,,,,,,,,,,,missing,no_finalised_measurement_within_pairing_window,,,realsense,,,,,,,no_finalised_measurement_within_pairing_window,,missing
unknown-session,cmp-ec739aa8d321,2ce7efaba5fdd996,logitech,1790198046.5300722,2026-09-23T21:14:06+00:00,local,c917802cb4dc,reference-distance-scale,drink carton,irregular_rigid,0.35,371.62,220.87,266.45,,,,21.869751,34.480542,34.480542,segmented_height_map_volume,,,,,,grey,0.2138,plastic,0.3333,unknown,0.6,904.88,rejected,unstable_volume,yoloe-11l-seg.pt,19.23.0-local-ai,logitech,unknown,,,34.480542,0.6,,unstable_volume,,rejected
unknown-session,cmp-ec739aa8d321,fa7c0ae5458245d0,realsense,1790198095.2825341,2026-09-23T21:14:55+00:00,local,f75a39fc643b,,carton,irregular_rigid,0.6,481.33,151.1,240.69,,,,17.505434,8.763691,8.763691,segmented_height_map_volume,,,,,,grey,0.5,paper,1.0,unknown,0.3834,910.5,accepted,,yoloe-11l-seg.pt,19.23.0-local-ai,realsense,unknown,,,8.763691,0.3834,,,,usable
unknown-session,cmp-3d07abc8e656,b5188beec42ce1cf,logitech,1790198104.5507658,2026-09-23T21:15:04+00:00,local,c917802cb4dc,reference-distance-scale,paper shopping bag,flexible_or_unknown,0.6,595.25,238.01,164.47,,,,23.301768,11.808331,11.808331,current_external_occupied_volume,,,,,,grey,0.6816,unknown,0.0,unknown,0.6,1031.77,accepted,,yoloe-11l-seg.pt,19.23.0-local-ai,logitech,unknown,,,11.808331,0.6,,,,usable
unknown-session,cmp-5cd640930dba,b7424adae0954dba,logitech,1790198104.5507658,2026-09-23T21:15:04+00:00,local,c917802cb4dc,reference-distance-scale,packaging object,irregular_rigid,0.6,131.08,26.31,121.48,,,,0.418942,0.406676,0.406676,segmented_height_map_volume,,,,,,brown,0.6109,paper,1.0,unknown,0.6,1031.77,accepted,,yoloe-11l-seg.pt,19.23.0-local-ai,logitech,unknown,,,0.406676,0.6,,,,usable
unknown-session,cmp-3d07abc8e656,cmp-3d07abc8e656-realsense-missing,realsense,1790198166.343,2026-09-23T21:16:06+00:00,,,,,,,,,,,,,,,,,,,,,,,,,,,,,missing,no_finalised_measurement_within_pairing_window,,,realsense,,,,,,,no_finalised_measurement_within_pairing_window,,missing
unknown-session,cmp-5cd640930dba,cmp-5cd640930dba-realsense-missing,realsense,1790198166.348,2026-09-23T21:16:06+00:00,,,,,,,,,,,,,,,,,,,,,,,,,,,,,missing,no_finalised_measurement_within_pairing_window,,,realsense,,,,,,,no_finalised_measurement_within_pairing_window,,missing
unknown-session,cmp-72339f0c3530,e4ea4d0b52ee38dd,logitech,1790198200.6221645,2026-09-23T21:16:40+00:00,local,c917802cb4dc,reference-distance-scale,paper waste bag,flexible_or_unknown,0.6,513.44,211.34,159.43,,,,17.300616,9.318883,9.318883,current_external_occupied_volume,,,,,,grey,0.3507,polythene bag,1.0,correct,0.6,928.48,accepted,,yoloe-11l-seg.pt,19.23.0-local-ai,logitech,correct,,,9.318883,0.6,,,,usable
unknown-session,cmp-72339f0c3530,0a713407741d3468,realsense,1790198281.525322,2026-09-23T21:18:01+00:00,local,f75a39fc643b,,backpack,irregular_rigid,0.35,337.67,304.39,163.76,,,,16.831862,18.560686,18.560686,segmented_height_map_volume,,,,,,black,0.8132,polythene bag,1.0,unknown,0.6368,1625.54,accepted,,yoloe-11l-seg.pt,19.23.0-local-ai,realsense,unknown,,,18.560686,0.6368,,,,usable
unknown-session,cmp-741346bc146f,0b311a997a3a275e,logitech,1790198491.4555912,2026-09-23T21:21:31+00:00,local,c917802cb4dc,reference-distance-scale,textile item,irregular_rigid,0.6,294.84,183.15,126.93,,,,6.85392,4.292217,4.292217,segmented_height_map_volume,,,,,,grey,0.7472,paper,1.0,unknown,0.6,872.91,accepted,,yoloe-11l-seg.pt,19.23.0-local-ai,logitech,unknown,,,4.292217,0.6,,,,usable
unknown-session,cmp-2298467475c5,2104e19066b81683,logitech,1790200817.6969903,2026-09-23T22:00:17+00:00,local,eed47c9ddeee,reference-distance-scale,carton,irregular_rigid,0.6,1406.23,695.2,293.0,,,,286.440357,4.488726,4.488726,segmented_height_map_volume,,,,,,brown,0.3258,cardboard,1.0,unknown,0.6,973.02,accepted,,yoloe-11l-seg.pt,19.23.0-local-ai,logitech,unknown,,,4.488726,0.6,,,,implausible_size_outlier;paired_with_different_object
unknown-session,cmp-2298467475c5,c55160024c652d65,realsense,1790200976.8854613,2026-09-23T22:02:56+00:00,local,,,can,cylinder,0.8628,54.36,54.36,72.0,54.36,72.0,0.04026,0.21281,0.16714,0.16714,cylinder_volume_pi_r2_h,,,,,,blue,0.0,polythene bag,1.0,unknown,0.8628,900.51,accepted,,yoloe-11l-seg.pt,19.23.0-local-ai,realsense,unknown,54.36,26.8,0.16714,0.8628,0.8679,,,paired_with_different_object
unknown-session,cmp-99e5930c9f77,bbdccdb0368f756b,logitech,1790200916.2791274,2026-09-23T22:01:56+00:00,local,eed47c9ddeee,reference-distance-scale,cardboard shipping box,irregular_rigid,0.6,251.69,214.86,70.27,,,,3.799971,3.093886,3.093886,segmented_height_map_volume,,,,,,black,0.7508,cardboard,1.0,unknown,0.6,910.88,accepted,,yoloe-11l-seg.pt,19.23.0-local-ai,logitech,unknown,,,3.093886,0.6,,,,paired_with_different_object
unknown-session,cmp-99e5930c9f77,45af7f2fb9f932fc,realsense,1790200928.905946,2026-09-23T22:02:08+00:00,local,,,rigid household object,irregular_rigid,0.6,289.86,251.58,35.2,,,,2.566775,0.531354,0.531354,segmented_height_map_volume,,,,,,black,0.0,mixed or general waste,1.0,unknown,0.85,965.02,accepted,,yoloe-11l-seg.pt,19.23.0-local-ai,realsense,unknown,,,0.531354,0.85,,,,paired_with_different_object
unknown-session,cmp-fc3eb7ded957,275672e1d2eb20d0,realsense,1790201189.4590175,2026-09-23T22:06:29+00:00,local,,,electronic item,irregular_rigid,0.35,138.2,29.49,647.78,,,,2.640272,3.987673,3.987673,segmented_height_map_volume,,,,,,grey,0.0,polythene bag,1.0,unknown,0.5691,961.74,accepted,,yoloe-11l-seg.pt,19.23.0-local-ai,realsense,unknown,,,3.987673,0.5691,,,,usable
unknown-session,cmp-fc3eb7ded957,cmp-fc3eb7ded957-logitech-missing,logitech,1790201249.086,2026-09-23T22:07:29+00:00,,,,,,,,,,,,,,,,,,,,,,,,,,,,,missing,no_finalised_measurement_within_pairing_window,,,logitech,,,,,,,no_finalised_measurement_within_pairing_window,,missing
unknown-session,cmp-2ed8a3e9884d,aa4f057e93306211,realsense,1790201673.0712337,2026-09-23T22:14:33+00:00,local,,,rigid household object,irregular_rigid,0.6,291.05,147.64,84.61,,,,3.63587,1.276966,1.276966,segmented_height_map_volume,,,,,,black,0.0,food or organic waste,1.0,unknown,0.85,866.31,accepted,,yoloe-11l-seg.pt,19.23.0-local-ai,realsense,unknown,,,1.276966,0.85,,,,usable
unknown-session,cmp-2ed8a3e9884d,cmp-2ed8a3e9884d-logitech-missing,logitech,1790201732.125,2026-09-23T22:15:32+00:00,,,,,,,,,,,,,,,,,,,,,,,,,,,,,missing,no_finalised_measurement_within_pairing_window,,,logitech,,,,,,,no_finalised_measurement_within_pairing_window,,missing
unknown-session,cmp-ec66e9a3136a,e53309b303dc4ee3,realsense,1790201913.4689238,2026-09-23T22:18:33+00:00,local,,,rigid household object,ellipsoid,0.6883,270.2,170.01,75.85,,,,3.484494,1.413639,1.413639,ellipsoid_analytic_volume,,,,,,brown,0.0,food or organic waste,1.0,unknown,0.85,844.46,accepted,,yoloe-11l-seg.pt,19.23.0-local-ai,realsense,unknown,,,1.413639,0.85,0.6802,,,usable
unknown-session,cmp-ec66e9a3136a,cmp-ec66e9a3136a-logitech-missing,logitech,1790201972.548,2026-09-23T22:19:32+00:00,,,,,,,,,,,,,,,,,,,,,,,,,,,,,missing,no_finalised_measurement_within_pairing_window,,,logitech,,,,,,,no_finalised_measurement_within_pairing_window,,missing
unknown-session,cmp-aa74b416325a,465c59a02dcb68a5,realsense,1790202447.9378505,2026-09-23T22:27:27+00:00,local,,,rigid household object,irregular_rigid,0.6,118.85,78.06,97.8,,,,0.907278,0.885281,0.885281,segmented_height_map_volume,,,,,,black,0.0,mixed or general waste,1.0,unknown,0.85,877.76,accepted,,yoloe-11l-seg.pt,19.23.0-local-ai,realsense,unknown,,,0.885281,0.85,,,,usable
unknown-session,cmp-b5f241da8745,390bd8f0ab48af09,realsense,1790202475.5105743,2026-09-23T22:27:55+00:00,local,,,slipper,irregular_rigid,0.6,266.47,114.13,88.48,,,,2.690815,1.228799,1.228799,segmented_height_map_volume,,,,,,black,0.0,mixed or general waste,1.0,mis_sort,0.85,903.76,accepted,,yoloe-11l-seg.pt,19.23.0-local-ai,realsense,mis_sort,,,1.228799,0.85,,,,usable
unknown-session,cmp-aa74b416325a,cmp-aa74b416325a-logitech-missing,logitech,1790202507.323,2026-09-23T22:28:27+00:00,,,,,,,,,,,,,,,,,,,,,,,,,,,,,missing,no_finalised_measurement_within_pairing_window,,,logitech,,,,,,,no_finalised_measurement_within_pairing_window,,missing
unknown-session,cmp-b5f241da8745,cmp-b5f241da8745-logitech-missing,logitech,1790202534.991,2026-09-23T22:28:54+00:00,,,,,,,,,,,,,,,,,,,,,,,,,,,,,missing,no_finalised_measurement_within_pairing_window,,,logitech,,,,,,,no_finalised_measurement_within_pairing_window,,missing
unknown-session,cmp-70171b0ef436,cf4939be1574fe7d,realsense,1790202563.6586692,2026-09-23T22:29:23+00:00,local,,,rigid household object,irregular_rigid,0.6,214.62,128.47,29.8,,,,0.821702,0.2448,0.2448,segmented_height_map_volume,,,,,,grey,0.0,metal,1.0,mis_sort,0.85,859.05,accepted,,yoloe-11l-seg.pt,19.23.0-local-ai,realsense,mis_sort,,,0.2448,0.85,,,,usable
unknown-session,cmp-70171b0ef436,cmp-70171b0ef436-logitech-missing,logitech,1790202623.082,2026-09-23T22:30:23+00:00,,,,,,,,,,,,,,,,,,,,,,,,,,,,,missing,no_finalised_measurement_within_pairing_window,,,logitech,,,,,,,no_finalised_measurement_within_pairing_window,,missing
unknown-session,cmp-3fbdac816eee,931690f1e6fccfc2,realsense,1790203016.0720062,2026-09-23T22:36:56+00:00,local,,,rigid household object,irregular_rigid,0.35,142.72,36.04,643.02,,,,3.307773,4.162429,4.162429,segmented_height_map_volume,,,,,,grey,0.0,metal,1.0,unknown,0.5439,1137.21,accepted,,yoloe-11l-seg.pt,19.23.0-local-ai,realsense,unknown,,,4.162429,0.5439,,,,usable
unknown-session,cmp-3fbdac816eee,cmp-3fbdac816eee-logitech-missing,logitech,1790203076.425,2026-09-23T22:37:56+00:00,,,,,,,,,,,,,,,,,,,,,,,,,,,,,missing,no_finalised_measurement_within_pairing_window,,,logitech,,,,,,,no_finalised_measurement_within_pairing_window,,missing
unknown-session,cmp-3e4fd3fab92d,4fe9e9813824583d,realsense,1790203182.010585,2026-09-23T22:39:42+00:00,local,,,rigid household object,irregular_rigid,0.6,412.96,164.19,63.26,,,,4.289168,0.463998,0.463998,segmented_height_map_volume,,,,,,black,0.0,mixed or general waste,1.0,mis_sort,0.85,899.17,accepted,,yoloe-11l-seg.pt,19.23.0-local-ai,realsense,mis_sort,,,0.463998,0.85,,,,usable
unknown-session,cmp-3e4fd3fab92d,cmp-3e4fd3fab92d-logitech-missing,logitech,1790203241.788,2026-09-23T22:40:41+00:00,,,,,,,,,,,,,,,,,,,,,,,,,,,,,missing,no_finalised_measurement_within_pairing_window,,,logitech,,,,,,,no_finalised_measurement_within_pairing_window,,missing
unknown-session,cmp-e85297f8ea00,571a7e9c627a590f,realsense,1790203583.2576396,2026-09-23T22:46:23+00:00,local,,,slipper,irregular_rigid,0.6,161.04,101.16,239.67,,,,3.904412,3.360483,3.360483,segmented_height_map_volume,,,,,,yellow,0.0,metal,1.0,mis_sort,0.8201,1196.22,accepted,,yoloe-11l-seg.pt,19.23.0-local-ai,realsense,mis_sort,,,3.360483,0.8201,,,,usable
unknown-session,cmp-e85297f8ea00,137b251440cbaf37,logitech,1790203643.1202044,2026-09-23T22:47:23+00:00,local,eed47c9ddeee,reference-distance-scale,slipper,ellipsoid,0.7383,326.93,75.81,75.23,,,,1.864568,1.348568,1.348568,ellipsoid_analytic_volume,,,,,,brown,0.6152,paper,1.0,mis_sort,0.6,1204.27,accepted,,yoloe-11l-seg.pt,19.23.0-local-ai,logitech,mis_sort,,,1.348568,0.6,0.7481,,,usable
unknown-session,cmp-309d5d4dac67,c429235f8df2e322,realsense,1790203718.7710834,2026-09-23T22:48:38+00:00,local,,,lamp,uncertain,0.1,174.94,39.74,794.38,,,,5.522491,,,unavailable,,,,,,grey,0.0,polythene bag,1.0,unknown,0.85,907.43,rejected,no_valid_measurement,yoloe-11l-seg.pt,19.23.0-local-ai,realsense,unknown,,,,0.85,,no_valid_measurement,,rejected
unknown-session,cmp-04c883774d6b,7337331c113771ee,realsense,1790203734.2627287,2026-09-23T22:48:54+00:00,local,,,slipper,irregular_rigid,0.35,140.07,96.96,162.37,,,,2.205135,2.48227,2.48227,segmented_height_map_volume,,,,,,red,0.0,food or organic waste,0.6667,mis_sort,0.8044,919.19,rejected,unstable_volume,yoloe-11l-seg.pt,19.23.0-local-ai,realsense,mis_sort,,,2.48227,0.8044,,unstable_volume,,rejected
unknown-session,cmp-f8c3f88cd905,a1a50510af05cfda,realsense,1790274250.0884259,2026-09-24T18:24:10+00:00,local,,,rigid household object,irregular_rigid,0.6,189.37,52.26,600.53,,,,5.942738,6.204607,6.204607,segmented_height_map_volume,,,,,,black,0.0,polythene bag,1.0,mis_sort,0.7948,997.73,accepted,,yoloe-11l-seg.pt,19.23.0-local-ai,realsense,mis_sort,,,6.204607,0.7948,,,,usable
unknown-session,cmp-f8c3f88cd905,3018b907f9967fa9,logitech,1790274256.740624,2026-09-24T18:24:16+00:00,local,,reference-distance-scale,lamp,,,,,,,,,,,,,,,,,,black,0.0,plastic,0.5,unknown,,1006.01,rejected,no_measurable_height_above_plane,yoloe-11l-seg.pt,19.23.0-local-ai,logitech,unknown,,,,,,no_measurable_height_above_plane,,rejected
unknown-session,cmp-7de36432d08e,c70d6c70c024256a,realsense,1790274370.8167803,2026-09-24T18:26:10+00:00,local,,,pillow,flexible_or_unknown,0.35,203.12,34.73,612.49,,,,4.320857,3.753008,3.753008,current_external_occupied_volume,,,,,,grey,0.0,polythene bag,1.0,mis_sort,0.3454,1021.36,rejected,no_valid_measurement,yoloe-11l-seg.pt,19.23.0-local-ai,realsense,mis_sort,,,3.753008,0.3454,,no_valid_measurement,,rejected
unknown-session,cmp-7de36432d08e,cmp-7de36432d08e-logitech-missing,logitech,1790274430.409,2026-09-24T18:27:10+00:00,,,,,,,,,,,,,,,,,,,,,,,,,,,,,missing,no_finalised_measurement_within_pairing_window,,,logitech,,,,,,,no_finalised_measurement_within_pairing_window,,missing
unknown-session,cmp-a9a6901be094,cca92fd861a0748a,realsense,1790274483.0996618,2026-09-24T18:28:03+00:00,local,,,backpack,flexible_or_unknown,0.6,423.58,226.77,335.39,,,,32.216323,13.281926,13.281926,current_external_occupied_volume,,,,,,black,0.0,mixed or general waste,1.0,unknown,0.8205,1056.03,accepted,,yoloe-11l-seg.pt,19.23.0-local-ai,realsense,unknown,,,13.281926,0.8205,,,,usable
unknown-session,cmp-a9a6901be094,cmp-a9a6901be094-logitech-missing,logitech,1790274542.253,2026-09-24T18:29:02+00:00,,,,,,,,,,,,,,,,,,,,,,,,,,,,,missing,no_finalised_measurement_within_pairing_window,,,logitech,,,,,,,no_finalised_measurement_within_pairing_window,,missing
unknown-session,cmp-137bb7b63e5d,f0ff2d9c24a27513,realsense,1790274703.9631903,2026-09-24T18:31:43+00:00,local,,,folded textile,flexible_or_unknown,0.6,392.11,273.36,61.66,,,,6.608796,5.585692,5.585692,current_external_occupied_volume,,,,,,black,0.0,mixed or general waste,1.0,mis_sort,0.85,998.04,accepted,,yoloe-11l-seg.pt,19.23.0-local-ai,realsense,mis_sort,,,5.585692,0.85,,,,usable
unknown-session,cmp-137bb7b63e5d,cmp-137bb7b63e5d-logitech-missing,logitech,1790274763.361,2026-09-24T18:32:43+00:00,,,,,,,,,,,,,,,,,,,,,,,,,,,,,missing,no_finalised_measurement_within_pairing_window,,,logitech,,,,,,,no_finalised_measurement_within_pairing_window,,missing
unknown-session,cmp-36e06e6b8f54,ac8d4f1ea1f9eed5,realsense,1790274888.4022603,2026-09-24T18:34:48+00:00,local,,,handbag,flexible_or_unknown,0.6,344.28,203.42,324.92,,,,22.755375,18.117486,18.117486,current_external_occupied_volume,,,,,,black,0.0,fabric or textile,0.5,unknown,0.85,983.01,accepted,,yoloe-11l-seg.pt,19.23.0-local-ai,realsense,unknown,,,18.117486,0.85,,,,usable
unknown-session,cmp-36e06e6b8f54,c8eb3a204e64ed56,logitech,1790274925.411201,2026-09-24T18:35:25+00:00,local,,reference-distance-scale,handbag,,,385.0,305.0,150.91,,,,,,10.879157,,,,,,,black,0.0,mixed or general waste,1.0,unknown,0.6,1010.12,accepted,,yoloe-11l-seg.pt,19.23.0-local-ai,logitech,unknown,,,10.879157,0.6,,,,usable
unknown-session,cmp-d06bc4794bd6,aad7532e420f4a79,realsense,1790274970.9611208,2026-09-24T18:36:10+00:00,local,,,handbag,flexible_or_unknown,0.6,404.43,187.53,318.48,,,,24.154763,14.971959,14.971959,current_external_occupied_volume,,,,,,black,0.8919,mixed or general waste,1.0,unknown,0.85,1405.07,accepted,,yoloe-11l-seg.pt,19.23.0-local-ai,realsense,unknown,,,14.971959,0.85,,,,usable
unknown-session,cmp-18406d8d3332,12ba047018b96260,realsense,1790274994.4665873,2026-09-24T18:36:34+00:00,local,,,rigid household object,irregular_rigid,0.6,406.58,254.63,541.8,,,,56.089975,47.413204,47.413204,segmented_height_map_volume,,,,,,black,0.0,polythene bag,1.0,unknown,0.85,1408.21,accepted,,yoloe-11l-seg.pt,19.23.0-local-ai,realsense,unknown,,,47.413204,0.85,,,,usable
unknown-session,cmp-d06bc4794bd6,cmp-d06bc4794bd6-logitech-missing,logitech,1790275031.18,2026-09-24T18:37:11+00:00,,,,,,,,,,,,,,,,,,,,,,,,,,,,,missing,no_finalised_measurement_within_pairing_window,,,logitech,,,,,,,no_finalised_measurement_within_pairing_window,,missing
unknown-session,cmp-18406d8d3332,cmp-18406d8d3332-logitech-missing,logitech,1790275055.591,2026-09-24T18:37:35+00:00,,,,,,,,,,,,,,,,,,,,,,,,,,,,,missing,no_finalised_measurement_within_pairing_window,,,logitech,,,,,,,no_finalised_measurement_within_pairing_window,,missing
unknown-session,cmp-57dca6d38221,8903de780ea37084,realsense,1790275063.6489568,2026-09-24T18:37:43+00:00,local,,,unknown deposited object,flexible_or_unknown,0.6,354.09,183.45,319.22,,,,20.735824,14.964539,14.964539,current_external_occupied_volume,,,,,,black,0.0,mixed or general waste,1.0,correct,0.85,1391.47,accepted,,yoloe-11l-seg.pt,19.23.0-local-ai,realsense,correct,,,14.964539,0.85,,,,paired_with_different_object
unknown-session,cmp-57dca6d38221,89e7771b597a9f40,logitech,1790275162.432171,2026-09-24T18:39:22+00:00,local,,reference-distance-scale,textile item,,,70.0,60.0,107.59,,,,,,0.330328,,,,,,,black,0.0,polythene bag,1.0,unknown,0.1367,1453.61,accepted,,yoloe-11l-seg.pt,19.23.0-local-ai,logitech,unknown,,,0.330328,0.1367,,,,paired_with_different_object
unknown-session,cmp-75712d1650af,6da6b8dd8d7a1276,logitech,1790275202.5188065,2026-09-24T18:40:02+00:00,local,,reference-distance-scale,handbag,,,342.34,186.31,52.5,,,,,,1.609456,,,,,,,black,0.0,mixed or general waste,1.0,unknown,0.6,1840.05,rejected,unstable_volume,yoloe-11l-seg.pt,19.23.0-local-ai,logitech,unknown,,,1.609456,0.6,,unstable_volume,,rejected
unknown-session,cmp-75712d1650af,cmp-75712d1650af-realsense-missing,realsense,1790275265.58,2026-09-24T18:41:05+00:00,,,,,,,,,,,,,,,,,,,,,,,,,,,,,missing,no_finalised_measurement_within_pairing_window,,,realsense,,,,,,,no_finalised_measurement_within_pairing_window,,missing
unknown-session,cmp-b1617cb2f00f,854d69710a46dbaf,realsense,1790275565.4059787,2026-09-24T18:46:05+00:00,local,,,flexible household object,flexible_or_unknown,0.6,169.01,61.14,500.34,,,,5.169925,4.352438,4.352438,current_external_occupied_volume,,,,,,black,0.0,metal,1.0,unknown,0.5814,1464.76,accepted,,yoloe-11l-seg.pt,19.23.0-local-ai,realsense,unknown,,,4.352438,0.5814,,,,usable
unknown-session,cmp-b1617cb2f00f,cmp-b1617cb2f00f-logitech-missing,logitech,1790275626.573,2026-09-24T18:47:06+00:00,,,,,,,,,,,,,,,,,,,,,,,,,,,,,missing,no_finalised_measurement_within_pairing_window,,,logitech,,,,,,,no_finalised_measurement_within_pairing_window,,missing
unknown-session,cmp-bdeceb4b458d,87cbb004d619b2c2,logitech,1790275869.991446,2026-09-24T18:51:09+00:00,local,,reference-distance-scale,textile item,,,169.94,87.21,270.54,,,,,,2.50599,,,,,,,black,0.0,mixed or general waste,1.0,unknown,0.6,1304.77,accepted,,yoloe-11l-seg.pt,19.23.0-local-ai,logitech,unknown,,,2.50599,0.6,,,,usable
unknown-session,cmp-63e0266c7ce9,287d9f719d54269d,logitech,1790275873.9997673,2026-09-24T18:51:13+00:00,local,,reference-distance-scale,rigid household object,,,105.5,63.06,33.69,,,,,,0.135661,,,,,,,black,0.0,mixed or general waste,1.0,unknown,0.3583,1730.45,accepted,,yoloe-11l-seg.pt,19.23.0-local-ai,logitech,unknown,,,0.135661,0.3583,,,,usable
unknown-session,cmp-bdeceb4b458d,cmp-bdeceb4b458d-realsense-missing,realsense,1790275930.596,2026-09-24T18:52:10+00:00,,,,,,,,,,,,,,,,,,,,,,,,,,,,,missing,no_finalised_measurement_within_pairing_window,,,realsense,,,,,,,no_finalised_measurement_within_pairing_window,,missing
unknown-session,cmp-63e0266c7ce9,cmp-63e0266c7ce9-realsense-missing,realsense,1790275935.303,2026-09-24T18:52:15+00:00,,,,,,,,,,,,,,,,,,,,,,,,,,,,,missing,no_finalised_measurement_within_pairing_window,,,realsense,,,,,,,no_finalised_measurement_within_pairing_window,,missing
unknown-session,cmp-b5b9a49da7d6,bf981597f1e58624,realsense,1790276157.8000145,2026-09-24T18:55:57+00:00,local,,,plastic trash bag,flexible_or_unknown,0.6,358.84,184.72,313.21,,,,20.761488,14.824824,14.824824,current_external_occupied_volume,,,,,,black,0.0,mixed or general waste,1.0,correct,0.85,1438.2,accepted,,yoloe-11l-seg.pt,19.23.0-local-ai,realsense,correct,,,14.824824,0.85,,,,usable
unknown-session,cmp-b5b9a49da7d6,cmp-b5b9a49da7d6-logitech-missing,logitech,1790276218.712,2026-09-24T18:56:58+00:00,,,,,,,,,,,,,,,,,,,,,,,,,,,,,missing,no_finalised_measurement_within_pairing_window,,,logitech,,,,,,,no_finalised_measurement_within_pairing_window,,missing
unknown-session,cmp-be74eb33a694,d08aa3de28366957,realsense,1790277018.5636115,2026-09-24T19:10:18+00:00,local,,,flexible household object,flexible_or_unknown,0.6,167.43,57.24,499.85,,,,4.790512,4.270463,4.270463,current_external_occupied_volume,,,,,,black,0.0,metal,1.0,mis_sort,0.5822,942.15,accepted,,yoloe-11l-seg.pt,19.23.0-local-ai,realsense,mis_sort,,,4.270463,0.5822,,,,usable
unknown-session,cmp-be74eb33a694,cmp-be74eb33a694-logitech-missing,logitech,1790277077.826,2026-09-24T19:11:17+00:00,,,,,,,,,,,,,,,,,,,,,,,,,,,,,missing,no_finalised_measurement_within_pairing_window,,,logitech,,,,,,,no_finalised_measurement_within_pairing_window,,missing
unknown-session,cmp-ceaa28d8eb42,f658bdefc05e37eb,realsense,1790277180.5764077,2026-09-24T19:13:00+00:00,local,,,flexible household object,flexible_or_unknown,0.6,166.7,59.7,499.76,,,,4.973606,4.207314,4.207314,current_external_occupied_volume,,,,,,black,0.0,metal,1.0,unknown,0.5886,793.46,accepted,,yoloe-11l-seg.pt,19.23.0-local-ai,realsense,unknown,,,4.207314,0.5886,,,,usable
unknown-session,cmp-ceaa28d8eb42,cmp-ceaa28d8eb42-logitech-missing,logitech,1790277239.848,2026-09-24T19:13:59+00:00,,,,,,,,,,,,,,,,,,,,,,,,,,,,,missing,no_finalised_measurement_within_pairing_window,,,logitech,,,,,,,no_finalised_measurement_within_pairing_window,,missing
unknown-session,cmp-ce8bcf07b0bf,b169327cc90dcdd1,realsense,1790277446.9218733,2026-09-24T19:17:26+00:00,local,,,flexible household object,flexible_or_unknown,0.6,169.03,57.23,499.97,,,,4.836551,4.199362,4.199362,current_external_occupied_volume,,,,,,black,0.0,metal,1.0,unknown,0.5887,1090.88,accepted,,yoloe-11l-seg.pt,19.23.0-local-ai,realsense,unknown,,,4.199362,0.5887,,,,usable
unknown-session,cmp-ce8bcf07b0bf,cmp-ce8bcf07b0bf-logitech-missing,logitech,1790277506.423,2026-09-24T19:18:26+00:00,,,,,,,,,,,,,,,,,,,,,,,,,,,,,missing,no_finalised_measurement_within_pairing_window,,,logitech,,,,,,,no_finalised_measurement_within_pairing_window,,missing
unknown-session,cmp-55ae5331a536,dc2e0cb998411443,logitech,1790277826.2615302,2026-09-24T19:23:46+00:00,local,,reference-distance-scale,slipper,,,,,,,,,,,,,,,,,,grey,0.0,metal,1.0,mis_sort,,1657.68,rejected,no_measurable_height_above_plane,yoloe-11l-seg.pt,19.23.0-local-ai,logitech,mis_sort,,,,,,no_measurable_height_above_plane,,rejected
unknown-session,cmp-55ae5331a536,cmp-55ae5331a536-realsense-missing,realsense,1790277887.346,2026-09-24T19:24:47+00:00,,,,,,,,,,,,,,,,,,,,,,,,,,,,,missing,no_finalised_measurement_within_pairing_window,,,realsense,,,,,,,no_finalised_measurement_within_pairing_window,,missing
unknown-session,cmp-d57545b5561f,bd224f17fec7813b,logitech,1790278016.8549206,2026-09-24T19:26:56+00:00,local,,reference-distance-scale,slipper,,,,,,,,,,,,,,,,,,black,0.0,paper,1.0,mis_sort,,1006.33,rejected,no_measurable_height_above_plane,yoloe-11l-seg.pt,19.23.0-local-ai,logitech,mis_sort,,,,,,no_measurable_height_above_plane,,rejected
unknown-session,cmp-d57545b5561f,231e7bd1516f15bf,realsense,1790278019.955697,2026-09-24T19:26:59+00:00,local,,,electrical item,irregular_rigid,0.35,174.31,40.0,251.55,,,,1.754041,2.263044,2.263044,segmented_height_map_volume,,,,,,yellow,0.0,paper,1.0,unknown,0.85,947.8,accepted,,yoloe-11l-seg.pt,19.23.0-local-ai,realsense,unknown,,,2.263044,0.85,,,,usable
unknown-session,cmp-0b5b8163fbca,fefec11235ea25da,logitech,1790278226.7782857,2026-09-24T19:30:26+00:00,local,,reference-distance-scale,handbag,,,331.09,254.13,73.25,,,,,,2.933684,,,,,,,black,0.0,mixed or general waste,1.0,unknown,0.6,911.29,accepted,,yoloe-11l-seg.pt,19.23.0-local-ai,logitech,unknown,,,2.933684,0.6,,,,usable
unknown-session,cmp-0b5b8163fbca,cmp-0b5b8163fbca-realsense-missing,realsense,1790278285.636,2026-09-24T19:31:25+00:00,,,,,,,,,,,,,,,,,,,,,,,,,,,,,missing,no_finalised_measurement_within_pairing_window,,,realsense,,,,,,,no_finalised_measurement_within_pairing_window,,missing
unknown-session,cmp-055e244d34fc,f3609bb0a29693ab,realsense,1790278553.0139735,2026-09-24T19:35:53+00:00,local,db6a9a07007e,,handbag,,,,,,,,,,,,,,,,,,grey,0.411,polythene bag,0.5,unknown,,918.76,rejected,candidate_covers_the_measurement_zone,yoloe-11l-seg.pt,19.23.0-local-ai,realsense,unknown,,,,,,candidate_covers_the_measurement_zone,,rejected
unknown-session,cmp-055e244d34fc,f9a23ef5a7fefe8c,logitech,1790278553.4943278,2026-09-24T19:35:53+00:00,local,,reference-distance-scale,cosmetic bottle,,,,,,,,,,,,,,,,,,red,0.0,polythene bag,1.0,unknown,,918.76,rejected,no_measurable_height_above_plane,yoloe-11l-seg.pt,19.23.0-local-ai,logitech,unknown,,,,,,no_measurable_height_above_plane,,rejected
unknown-session,cmp-baef5439e2a7,c3d60d141ab30b43,logitech,1790284213.4443958,2026-09-24T21:10:13+00:00,local,9edbe2a057cc,reference-distance-scale,mouse,irregular_rigid,0.6,106.94,76.37,121.53,,,,0.992543,0.830066,0.830066,segmented_height_map_volume,,,,,,black,0.7696,plastic,1.0,mis_sort,0.6,971.58,accepted,,yoloe-11l-seg.pt,19.23.0-local-ai,logitech,mis_sort,,,0.830066,0.6,,,,usable
unknown-session,cmp-80e92831825a,d18c8a4b88ee8b87,realsense,1790322840.0571556,2026-09-25T07:54:00+00:00,local,,,slipper,ellipsoid,0.7205,350.02,334.66,38.72,,,,4.535899,2.140989,2.140989,ellipsoid_analytic_volume,,,,,,grey,0.8458,polythene bag,1.0,mis_sort,0.85,941.15,accepted,,yoloe-11l-seg.pt,19.23.0-local-ai,realsense,mis_sort,,,2.140989,0.85,0.6884,,,usable
unknown-session,cmp-87827ce67225,fdf289d17336c1ca,realsense,1790323533.3132875,2026-09-25T08:05:33+00:00,local,,,slipper,irregular_rigid,0.6,274.5,189.92,52.84,,,,2.754724,1.6967,1.6967,segmented_height_map_volume,,,,,,grey,0.8848,polythene bag,1.0,mis_sort,0.65,1038.48,accepted,,yoloe-11l-seg.pt,19.23.0-local-ai,realsense,mis_sort,,,1.6967,0.65,,,,usable
unknown-session,cmp-87827ce67225,cmp-87827ce67225-logitech-missing,logitech,1790323592.866,2026-09-25T08:06:32+00:00,,,,,,,,,,,,,,,,,,,,,,,,,,,,,missing,no_finalised_measurement_within_pairing_window,,,logitech,,,,,,,no_finalised_measurement_within_pairing_window,,missing
unknown-session,cmp-7c36fc47b673,e44b7a4a6ee8f057,logitech,1790323922.6966765,2026-09-25T08:12:02+00:00,local,,reference-distance-scale,cosmetic bottle,,,220.0,125.0,262.73,,,,,,3.395981,,,,,,,red,0.0,plastic,1.0,unknown,0.6,936.55,rejected,unstable_volume,yoloe-11l-seg.pt,19.23.0-local-ai,logitech,unknown,,,3.395981,0.6,,unstable_volume,,rejected
unknown-session,cmp-7c36fc47b673,e0151a76434f746c,realsense,1790323994.1949215,2026-09-25T08:13:14+00:00,local,,,fabric storage basket,flexible_or_unknown,0.6,378.94,280.06,120.12,,,,12.747605,8.525147,8.525147,current_external_occupied_volume,,,,,,black,0.0,cardboard,1.0,unknown,0.5677,2287.1,accepted,,yoloe-11l-seg.pt,19.23.0-local-ai,realsense,unknown,,,8.525147,0.5677,,,,usable
unknown-session,cmp-fd9522b4948e,6b1fab101254df68,realsense,1790324011.763223,2026-09-25T08:13:31+00:00,local,,,textile item,uncertain,0.1,1502.6,307.42,533.68,,,,,26.030584,26.674146,unavailable,,,,,,black,0.5894,unknown,0.0,mis_sort,0.65,1649.1,accepted,,yoloe-11l-seg.pt,19.23.0-local-ai,realsense,mis_sort,,,26.674146,0.65,,,,implausible_size_outlier
unknown-session,cmp-2e41096f02ad,0ba84d3cc1c262b5,realsense,1790324031.8843553,2026-09-25T08:13:51+00:00,local,,,slipper,ellipsoid,0.6684,406.07,360.02,45.24,,,,6.614502,2.770921,2.770921,ellipsoid_analytic_volume,,,,,,orange,0.9647,paper,1.0,mis_sort,0.85,1543.29,accepted,,yoloe-11l-seg.pt,19.23.0-local-ai,realsense,mis_sort,,,2.770921,0.85,0.6687,,,usable
unknown-session,cmp-d4701288b984,f259f3f7e78b5b6d,realsense,1790324031.8843553,2026-09-25T08:13:51+00:00,local,,,rigid household object,irregular_rigid,0.6,408.37,59.76,120.19,,,,2.933004,1.652249,1.652249,segmented_height_map_volume,,,,,,black,0.0,paper,1.0,unknown,0.85,1543.29,accepted,,yoloe-11l-seg.pt,19.23.0-local-ai,realsense,unknown,,,1.652249,0.85,,,,usable
unknown-session,cmp-fd9522b4948e,cmp-fd9522b4948e-logitech-missing,logitech,1790324073.491,2026-09-25T08:14:33+00:00,,,,,,,,,,,,,,,,,,,,,,,,,,,,,missing,no_finalised_measurement_within_pairing_window,,,logitech,,,,,,,no_finalised_measurement_within_pairing_window,,missing
unknown-session,cmp-2e41096f02ad,cmp-2e41096f02ad-logitech-missing,logitech,1790324093.228,2026-09-25T08:14:53+00:00,,,,,,,,,,,,,,,,,,,,,,,,,,,,,missing,no_finalised_measurement_within_pairing_window,,,logitech,,,,,,,no_finalised_measurement_within_pairing_window,,missing
unknown-session,cmp-d4701288b984,cmp-d4701288b984-logitech-missing,logitech,1790324093.274,2026-09-25T08:14:53+00:00,,,,,,,,,,,,,,,,,,,,,,,,,,,,,missing,no_finalised_measurement_within_pairing_window,,,logitech,,,,,,,no_finalised_measurement_within_pairing_window,,missing
unknown-session,cmp-0d0b54a46662,b635f0e69701c8b9,logitech,1790324253.2489195,2026-09-25T08:17:33+00:00,local,,reference-distance-scale,slipper,,,,,,,,,,,,,,,,,,grey,0.0,metal,0.5,mis_sort,,1971.45,rejected,no_measurable_height_above_plane,yoloe-11l-seg.pt,19.23.0-local-ai,logitech,mis_sort,,,,,,no_measurable_height_above_plane,,rejected
unknown-session,cmp-17011cd6f527,9289b8a6473215cb,logitech,1790324253.2489195,2026-09-25T08:17:33+00:00,local,,reference-distance-scale,slipper,,,,,,,,,,,,,,,,,,grey,0.0,paper,0.75,mis_sort,,1971.45,rejected,no_measurable_height_above_plane,yoloe-11l-seg.pt,19.23.0-local-ai,logitech,mis_sort,,,,,,no_measurable_height_above_plane,,rejected
unknown-session,cmp-66442557b135,961336f4568d8669,logitech,1790330598.0468504,2026-09-25T10:03:18+00:00,local,,reference-distance-scale,filled plastic waste bag,,,294.09182239565934,210.2914644011973,251.4085544128625,,,,,,10.167289,,,,,,,red,0.0,polythene bag,1.0,correct,0.6,930.63,accepted,,yoloe-11l-seg.pt,19.23.0-local-ai,logitech,correct,,,10.167289,0.6,,,,usable
unknown-session,cmp-66442557b135,cmp-66442557b135-realsense-missing,realsense,1790330656.916,2026-09-25T10:04:16+00:00,,,,,,,,,,,,,,,,,,,,,,,,,,,,,missing,no_finalised_measurement_within_pairing_window,,,realsense,,,,,,,no_finalised_measurement_within_pairing_window,,missing
unknown-session,cmp-59f35efb31a4,2ebbe91a66304f3d,realsense,1790330924.4947507,2026-09-25T10:08:44+00:00,local,,,handbag,flexible_or_unknown,0.6,338.58,270.6,259.37,,,,23.762484,17.863078,17.863078,current_external_occupied_volume,,,,,,black,0.0,mixed or general waste,1.0,unknown,0.65,1248.78,accepted,,yoloe-11l-seg.pt,19.23.0-local-ai,realsense,unknown,,,17.863078,0.65,,,,usable
unknown-session,cmp-59f35efb31a4,cmp-59f35efb31a4-logitech-missing,logitech,1790330984.904,2026-09-25T10:09:44+00:00,,,,,,,,,,,,,,,,,,,,,,,,,,,,,missing,no_finalised_measurement_within_pairing_window,,,logitech,,,,,,,no_finalised_measurement_within_pairing_window,,missing
unknown-session,cmp-c5ef520d87d9,5ffd7eb9da0e5e07,logitech,1790333192.5364563,2026-09-25T10:46:32+00:00,local,,reference-distance-scale,unknown deposited object,,,344.7991631110727,316.4838378980119,132.70630140220547,,,,,,9.673105,,,,,,,black,0.0,cardboard,1.0,unknown,0.6,1318.06,accepted,,yoloe-11l-seg.pt,19.23.0-local-ai,logitech,unknown,,,9.673105,0.6,,,,usable
unknown-session,cmp-5e8b43068daf,9823fb41592bff91,realsense,1790341430.6140199,2026-09-25T13:03:50+00:00,local,,,unknown deposited object,flexible_or_unknown,0.35,167.72,127.49,223.61,,,,4.78138,5.288558,5.288558,current_external_occupied_volume,,,,,,black,0.0,polythene bag,0.5,unknown,0.65,1013.72,rejected,no_valid_measurement,yoloe-11l-seg.pt,19.23.0-local-ai,realsense,unknown,,,5.288558,0.65,,no_valid_measurement,,rejected
unknown-session,cmp-fedb89f2551d,2b206be410d8ebaf,realsense,1790341475.4573317,2026-09-25T13:04:35+00:00,local,,,unknown deposited object,,,,,,,,,,,,,,,,,,black,0.6493,polythene bag,1.0,correct,,1102.87,rejected,candidate_spans_the_measurement_zone,yoloe-11l-seg.pt,19.23.0-local-ai,realsense,correct,,,,,,candidate_spans_the_measurement_zone,,rejected
unknown-session,cmp-5e8b43068daf,cmp-5e8b43068daf-logitech-missing,logitech,1790341490.07,2026-09-25T13:04:50+00:00,,,,,,,,,,,,,,,,,,,,,,,,,,,,,missing,no_finalised_measurement_within_pairing_window,,,logitech,,,,,,,no_finalised_measurement_within_pairing_window,,missing
unknown-session,cmp-fedb89f2551d,cmp-fedb89f2551d-logitech-missing,logitech,1790341535.929,2026-09-25T13:05:35+00:00,,,,,,,,,,,,,,,,,,,,,,,,,,,,,missing,no_finalised_measurement_within_pairing_window,,,logitech,,,,,,,no_finalised_measurement_within_pairing_window,,missing
unknown-session,cmp-58d4bab506a9,1679357986ca20ed,realsense,1790341546.2086065,2026-09-25T13:05:46+00:00,local,,,filled plastic waste bag,,,,,,,,,,,,,,,,,,black,0.7104,mixed or general waste,1.0,correct,,894.76,rejected,candidate_covers_the_measurement_zone,yoloe-11l-seg.pt,19.23.0-local-ai,realsense,correct,,,,,,candidate_covers_the_measurement_zone,,rejected
unknown-session,cmp-58d4bab506a9,4ba5bf2a0d3e4444,logitech,1790341716.0496805,2026-09-25T13:08:36+00:00,local,,reference-distance-scale,unknown deposited object,,,216.59547669705427,116.62833360610615,288.22360724088054,,,,,,4.906006,,,,,,,grey,0.0,polythene bag,1.0,unknown,0.6,960.69,accepted,,yoloe-11l-seg.pt,19.23.0-local-ai,logitech,unknown,,,4.906006,0.6,,,,usable
unknown-session,cmp-52f4a690cb07,c689c7f4d5845621,logitech,1790342178.873058,2026-09-25T13:16:18+00:00,local,,reference-distance-scale,unknown deposited object,,,328.70199269246916,270.5642252774745,56.65656188562407,,,,,,2.408215,,,,,,,brown,0.0,polythene bag,1.0,unknown,0.6,1594.64,rejected,unstable_volume,yoloe-11l-seg.pt,19.23.0-local-ai,logitech,unknown,,,2.408215,0.6,,unstable_volume,,rejected
unknown-session,cmp-52f4a690cb07,5203c29aa0cff077,realsense,1790342348.1568592,2026-09-25T13:19:08+00:00,local,,,textile item,flexible_or_unknown,0.6,309.47,84.88,98.31,,,,2.582242,1.054209,1.054209,current_external_occupied_volume,,,,,,black,0.5454,polythene bag,1.0,unknown,,2052.97,rejected,candidate_spans_the_measurement_zone,yoloe-11l-seg.pt,19.23.0-local-ai,realsense,unknown,,,1.054209,,,candidate_spans_the_measurement_zone,,rejected
unknown-session,cmp-67d19d5f4094,975b6bd9c5656307,realsense,1790343786.6142724,2026-09-25T13:43:06+00:00,local,,,unknown deposited object,flexible_or_unknown,0.6,395.95,222.59,534.08,,,,47.07148,18.022082,18.022082,current_external_occupied_volume,,,,,,blue,0.0,polythene bag,1.0,unknown,0.6486,1419.56,rejected,unstable_volume,yoloe-11l-seg.pt,19.23.0-local-ai,realsense,unknown,,,18.022082,0.6486,,unstable_volume,,rejected
unknown-session,cmp-67d19d5f4094,cmp-67d19d5f4094-logitech-missing,logitech,1790343847.54,2026-09-25T13:44:07+00:00,,,,,,,,,,,,,,,,,,,,,,,,,,,,,missing,no_finalised_measurement_within_pairing_window,,,logitech,,,,,,,no_finalised_measurement_within_pairing_window,,missing
unknown-session,cmp-5469d5d5f374,d20468b96ae126d5,logitech,1790362882.2757227,2026-09-25T19:01:22+00:00,local,,reference-distance-scale,rigid household object,,,315.00000000000006,145.00000000000003,160.76656486098315,,,,,,4.324568,,,,,,,black,0.0,paper,1.0,unknown,0.6,1165.84,accepted,,yoloe-11l-seg.pt,19.23.0-local-ai,logitech,unknown,,,4.324568,0.6,,,,usable
unknown-session,cmp-cceb5e291556,773d8c0088a28bb4,logitech,1790362922.9923162,2026-09-25T19:02:02+00:00,local,,reference-distance-scale,electrical item,,,130.21980673998806,63.137767414994734,315.1207618292063,,,,,,1.943779,,,,,,,yellow,0.0,paper,1.0,unknown,0.6,916.76,accepted,,yoloe-11l-seg.pt,19.23.0-local-ai,logitech,unknown,,,1.943779,0.6,,,,usable
unknown-session,cmp-80fec5f2087e,d7e32944d6607747,logitech,1790362926.3333662,2026-09-25T19:02:06+00:00,local,,reference-distance-scale,slipper,,,93.38834764831851,58.033008588991194,17.09321673194176,,,,,,0.070482,,,,,,,yellow,0.0,plastic,1.0,mis_sort,0.1386,953.88,rejected,unstable_volume,yoloe-11l-seg.pt,19.23.0-local-ai,logitech,mis_sort,,,0.070482,0.1386,,unstable_volume,,rejected
unknown-session,cmp-5469d5d5f374,cmp-5469d5d5f374-realsense-missing,realsense,1790362942.359,2026-09-25T19:02:22+00:00,,,,,,,,,,,,,,,,,,,,,,,,,,,,,missing,no_finalised_measurement_within_pairing_window,,,realsense,,,,,,,no_finalised_measurement_within_pairing_window,,missing
unknown-session,cmp-494872591f67,452835e406a6d7b6,logitech,1790591136.9109633,2026-09-28T10:25:36+00:00,local,,reference-distance-scale,slipper,,,,,,,,,,,,,,,,,,grey,0.0,paper,0.5,mis_sort,,1322.02,rejected,no_measurable_height_above_plane,yoloe-11l-seg.pt,19.23.0-local-ai,logitech,mis_sort,,,,,,no_measurable_height_above_plane,,rejected
unknown-session,cmp-c1a6af540718,28419fa060d0348c,realsense,1790593651.2421477,2026-09-28T11:07:31+00:00,local,,,slipper,,,,,,,,,,,,,,,,,,grey,0.0,polythene bag,0.5,mis_sort,,990.36,rejected,no_valid_measurement,yoloe-11l-seg.pt,19.23.0-local-ai,realsense,mis_sort,,,,,,no_valid_measurement,,rejected
unknown-session,cmp-c1a6af540718,cmp-c1a6af540718-logitech-missing,logitech,1790593708.747,2026-09-28T11:08:28+00:00,,,,,,,,,,,,,,,,,,,,,,,,,,,,,missing,no_finalised_measurement_within_pairing_window,,,logitech,,,,,,,no_finalised_measurement_within_pairing_window,,missing
unknown-session,cmp-46c2179fbc06,19943fdca769953d,realsense,1790593712.0787663,2026-09-28T11:08:32+00:00,local,,,laptop,cuboid,0.9148,728.82,88.34,162.0,,,,10.429664,15.954196,10.429664,cuboid_volume_l_w_h,,,,,,black,0.0,cardboard,1.0,mis_sort,0.5,966.27,rejected,unstable_volume,yoloe-11l-seg.pt,19.23.0-local-ai,realsense,mis_sort,,,10.429664,0.5,,unstable_volume,,rejected
unknown-session,cmp-46c2179fbc06,cmp-46c2179fbc06-logitech-missing,logitech,1790593769.333,2026-09-28T11:09:29+00:00,,,,,,,,,,,,,,,,,,,,,,,,,,,,,missing,no_finalised_measurement_within_pairing_window,,,logitech,,,,,,,no_finalised_measurement_within_pairing_window,,missing
unknown-session,cmp-cad030bce71c,1338144b524a8304,realsense,1790593865.1805892,2026-09-28T11:11:05+00:00,local,,,packaging object,,,,,,,,,,,,,,,,,,grey,0.0,food or organic waste,0.5,unknown,,1041.22,rejected,no_valid_measurement,yoloe-11l-seg.pt,19.23.0-local-ai,realsense,unknown,,,,,,no_valid_measurement,,rejected
unknown-session,cmp-b120326ca80b,68ce9eda5600412a,logitech,1790596306.521271,2026-09-28T11:51:46+00:00,local,,reference-distance-scale,plastic waste bag,,,230.0,125.00000000000003,103.34447299062619,,,,,,1.753265,,,,,,,grey,0.0,polythene bag,1.0,correct,0.6,1018.32,accepted,,yoloe-11l-seg.pt,19.23.0-local-ai,logitech,correct,,,1.753265,0.6,,,,paired_with_different_object
unknown-session,cmp-b120326ca80b,d8351a53699d98c2,realsense,1790596376.7115185,2026-09-28T11:52:56+00:00,local,,,slipper,irregular_rigid,0.6,454.14,171.65,62.46,,,,4.868764,2.514563,2.514563,segmented_height_map_volume,,,,,,orange,0.4771,polythene bag,1.0,mis_sort,0.85,1086.49,accepted,,yoloe-11l-seg.pt,19.23.0-local-ai,realsense,mis_sort,,,2.514563,0.85,,,,paired_with_different_object
unknown-session,cmp-2be83454b614,c389a52771ee9744,realsense,1790596449.2732737,2026-09-28T11:54:09+00:00,local,,,handbag,,,,,,,,,,,,,,,,,,brown,0.648,polythene bag,0.75,unknown,,1160.5,rejected,candidate_spans_the_measurement_zone,yoloe-11l-seg.pt,19.23.0-local-ai,realsense,unknown,,,,,,candidate_spans_the_measurement_zone,,rejected
unknown-session,cmp-2be83454b614,0c7c528e35a88734,logitech,1790596594.112902,2026-09-28T11:56:34+00:00,local,,reference-distance-scale,handbag,,,380.0,229.99999999999997,91.50334229684769,,,,,,3.376277,,,,,,,black,0.0,polythene bag,1.0,unknown,0.6,948.6,accepted,,yoloe-11l-seg.pt,19.23.0-local-ai,logitech,unknown,,,3.376277,0.6,,,,usable
unknown-session,cmp-58b52a52378d,2e1d40d9f32be0ea,logitech,1790622612.5451016,2026-09-28T19:10:12+00:00,local,,empty-plane-perpendicular-height,rigid household object,,,240.46655813512064,71.46803743153549,110.10542512895991,,,,,,0.794263,,,,,,,black,0.7531,paper,1.0,unknown,0.6,1011.09,accepted,,yoloe-11l-seg.pt,19.23.0-local-ai,logitech,unknown,,,0.794263,0.6,,,,usable
unknown-session,cmp-58b52a52378d,cmp-58b52a52378d-realsense-missing,realsense,1790622670.749,2026-09-28T19:11:10+00:00,,,,,,,,,,,,,,,,,,,,,,,,,,,,,missing,no_finalised_measurement_within_pairing_window,,,realsense,,,,,,,no_finalised_measurement_within_pairing_window,,missing
unknown-session,cmp-b16c870d317c,3a6c5d722b32d0d8,logitech,1790622787.259891,2026-09-28T19:13:07+00:00,local,,empty-plane-perpendicular-height,flexible household object,,,355.0000000000001,335.0,375.6663918280345,,,,,,34.461991,,,,,,,yellow,0.434,cardboard,1.0,unknown,0.6,1083.27,accepted,,yoloe-11l-seg.pt,19.23.0-local-ai,logitech,unknown,,,34.461991,0.6,,,,usable
unknown-session,cmp-b16c870d317c,cmp-b16c870d317c-realsense-missing,realsense,1790622846.014,2026-09-28T19:14:06+00:00,,,,,,,,,,,,,,,,,,,,,,,,,,,,,missing,no_finalised_measurement_within_pairing_window,,,realsense,,,,,,,no_finalised_measurement_within_pairing_window,,missing
unknown-session,cmp-5ab37bd2f997,8087448f3e2ee6d8,logitech,1790622966.902477,2026-09-28T19:16:06+00:00,local,,empty-plane-perpendicular-height,rigid household object,,,250.0000000000001,79.99999999999996,125.46248641321125,,,,,,1.21186,,,,,,,mixed,0.262,paper,1.0,unknown,0.6,998.94,accepted,,yoloe-11l-seg.pt,19.23.0-local-ai,logitech,unknown,,,1.21186,0.6,,,,usable
unknown-session,cmp-5ab37bd2f997,cmp-5ab37bd2f997-realsense-missing,realsense,1790623025.887,2026-09-28T19:17:05+00:00,,,,,,,,,,,,,,,,,,,,,,,,,,,,,missing,no_finalised_measurement_within_pairing_window,,,realsense,,,,,,,no_finalised_measurement_within_pairing_window,,missing
unknown-session,cmp-cedcbcf72683,11ddaba0680a7684,logitech,1790623219.1730692,2026-09-28T19:20:19+00:00,local,,empty-plane-perpendicular-height,electrical item,,,141.40014662748726,85.49844718999267,324.7625787790511,,,,,,2.840267,,,,,,,yellow,0.6735,paper,0.6667,mis_sort,0.6,1089.53,accepted,,yoloe-11l-seg.pt,19.23.0-local-ai,logitech,mis_sort,,,2.840267,0.6,,,,usable
unknown-session,cmp-cedcbcf72683,cmp-cedcbcf72683-realsense-missing,realsense,1790623278.068,2026-09-28T19:21:18+00:00,,,,,,,,,,,,,,,,,,,,,,,,,,,,,missing,no_finalised_measurement_within_pairing_window,,,realsense,,,,,,,no_finalised_measurement_within_pairing_window,,missing
unknown-session,cmp-93b690fcb12b,1b38df5092547eb7,logitech,1790623522.4799697,2026-09-28T19:25:22+00:00,local,,empty-plane-perpendicular-height,rigid household object,,,257.33603708102436,86.16717166501223,253.7979957406576,,,,,,3.405865,,,,,,,black,0.7279,paper,1.0,mis_sort,0.6,983.78,accepted,,yoloe-11l-seg.pt,19.23.0-local-ai,logitech,mis_sort,,,3.405865,0.6,,,,usable
unknown-session,cmp-93b690fcb12b,cmp-93b690fcb12b-realsense-missing,realsense,1790623581.133,2026-09-28T19:26:21+00:00,,,,,,,,,,,,,,,,,,,,,,,,,,,,,missing,no_finalised_measurement_within_pairing_window,,,realsense,,,,,,,no_finalised_measurement_within_pairing_window,,missing
unknown-session,cmp-553ee6f17604,4829ef738f9e1494,logitech,1790623622.192768,2026-09-28T19:27:02+00:00,local,,empty-plane-perpendicular-height,slipper,,,299.99999999999994,79.99999999999996,111.10536523824832,,,,,,1.184483,,,,,,,yellow,0.4596,paper,1.0,mis_sort,0.6,1038.6,accepted,,yoloe-11l-seg.pt,19.23.0-local-ai,logitech,mis_sort,,,1.184483,0.6,,,,paired_with_different_object
unknown-session,cmp-553ee6f17604,c422638ca6e3ca32,realsense,1790623726.8698394,2026-09-28T19:28:46+00:00,local,,,can,irregular_rigid,0.6,118.07,65.11,170.65,,,,1.311864,1.316062,1.316062,segmented_height_map_volume,,,,,,mixed,0.3307,plastic,1.0,unknown,0.85,968.19,accepted,,yoloe-11l-seg.pt,19.23.0-local-ai,realsense,unknown,,,1.316062,0.85,,,,paired_with_different_object
unknown-session,cmp-645c998ae3b2,669a823b4aeca611,logitech,1790623726.766949,2026-09-28T19:28:46+00:00,local,,empty-plane-perpendicular-height,can,,,100.0,74.99999999999996,233.1721809456295,,,,,,1.170233,,,,,,,red,0.4567,plastic,1.0,unknown,0.6,968.19,accepted,,yoloe-11l-seg.pt,19.23.0-local-ai,logitech,unknown,,,1.170233,0.6,,,,usable
unknown-session,cmp-645c998ae3b2,cmp-645c998ae3b2-realsense-missing,realsense,1790623784.805,2026-09-28T19:29:44+00:00,,,,,,,,,,,,,,,,,,,,,,,,,,,,,missing,no_finalised_measurement_within_pairing_window,,,realsense,,,,,,,no_finalised_measurement_within_pairing_window,,missing
unknown-session,cmp-b8c97bc946bf,c14f01a24aa4f654,realsense,1790624054.297753,2026-09-28T19:34:14+00:00,local,,,rigid household object,irregular_rigid,0.6,269.92,160.45,37.11,,,,1.607151,0.264453,0.264453,segmented_height_map_volume,,,,,,black,0.9717,mixed or general waste,1.0,unknown,0.85,881.83,accepted,,yoloe-11l-seg.pt,19.23.0-local-ai,realsense,unknown,,,0.264453,0.85,,,,usable
unknown-session,cmp-b8c97bc946bf,cmp-b8c97bc946bf-logitech-missing,logitech,1790624111.502,2026-09-28T19:35:11+00:00,,,,,,,,,,,,,,,,,,,,,,,,,,,,,missing,no_finalised_measurement_within_pairing_window,,,logitech,,,,,,,no_finalised_measurement_within_pairing_window,,missing
unknown-session,cmp-9cc092fc2b74,25fa230aca581925,realsense,1790625162.292402,2026-09-28T19:52:42+00:00,local,,,rigid household object,irregular_rigid,0.6,260.91,160.62,37.75,,,,1.581872,0.32058,0.32058,segmented_height_map_volume,,,,,,black,0.977,mixed or general waste,1.0,unknown,0.85,878.92,accepted,,yoloe-11l-seg.pt,19.23.0-local-ai,realsense,unknown,,,0.32058,0.85,,,,usable
unknown-session,cmp-9cc092fc2b74,cmp-9cc092fc2b74-logitech-missing,logitech,1790625219.552,2026-09-28T19:53:39+00:00,,,,,,,,,,,,,,,,,,,,,,,,,,,,,missing,no_finalised_measurement_within_pairing_window,,,logitech,,,,,,,no_finalised_measurement_within_pairing_window,,missing
unknown-session,cmp-d799dadb7b56,3cf8babe397f45da,realsense,1790625244.9260602,2026-09-28T19:54:04+00:00,local,,,rigid household object,flexible_or_unknown,0.35,107.64,77.81,31.01,,,,0.259726,0.277314,0.277314,current_external_occupied_volume,,,,,,mixed,0.2746,plastic,1.0,unknown,0.85,1094.93,accepted,,yoloe-11l-seg.pt,19.23.0-local-ai,realsense,unknown,,,0.277314,0.85,,,,paired_with_different_object
unknown-session,cmp-d799dadb7b56,a5f6e4182d97ecb9,logitech,1790625269.291559,2026-09-28T19:54:29+00:00,local,,empty-plane-perpendicular-height,flexible household object,,,382.9814358805301,94.67565750797739,478.4324581058474,,,,,,10.239157,,,,,,,grey,0.8832,polythene bag,1.0,unknown,0.6,882.63,accepted,,yoloe-11l-seg.pt,19.23.0-local-ai,logitech,unknown,,,10.239157,0.6,,,,paired_with_different_object
unknown-session,cmp-77d70295635c,0f551266f0a077ed,logitech,1790626855.7384608,2026-09-28T20:20:55+00:00,local,,empty-plane-perpendicular-height,rigid household object,,,219.74716797631137,101.0969062177102,164.8413664891836,,,,,,2.233631,,,,,,,black,0.6933,unknown,0.0,unknown,0.6,897.63,accepted,,yoloe-11l-seg.pt,19.23.0-local-ai,logitech,unknown,,,2.233631,0.6,,,,usable
unknown-session,cmp-77d70295635c,cmp-77d70295635c-realsense-missing,realsense,1790626913.507,2026-09-28T20:21:53+00:00,,,,,,,,,,,,,,,,,,,,,,,,,,,,,missing,no_finalised_measurement_within_pairing_window,,,realsense,,,,,,,no_finalised_measurement_within_pairing_window,,missing
unknown-session,cmp-3221a47e36c5,231de48b702a5339,logitech,1790627013.0306838,2026-09-28T20:23:33+00:00,local,,empty-plane-perpendicular-height,rigid household object,,,135.0,115.0000000000001,115.03842169196325,,,,,,1.079175,,,,,,,black,0.9836,mixed or general waste,0.5209,unknown,0.6,888.64,accepted,,yoloe-11l-seg.pt,19.23.0-local-ai,logitech,unknown,,,1.079175,0.6,,,,usable
unknown-session,cmp-3221a47e36c5,cmp-3221a47e36c5-realsense-missing,realsense,1790627070.685,2026-09-28T20:24:30+00:00,,,,,,,,,,,,,,,,,,,,,,,,,,,,,missing,no_finalised_measurement_within_pairing_window,,,realsense,,,,,,,no_finalised_measurement_within_pairing_window,,missing
unknown-session,cmp-9cf0f9bf0b11,def3e17293a08500,logitech,1790627162.7674122,2026-09-28T20:26:02+00:00,local,,empty-plane-perpendicular-height,can,,,104.43960626489651,98.37621563898821,118.94715392148922,,,,,,0.842366,,,,,,,brown,0.5114,metal,0.6418,unknown,0.6,885.45,accepted,,yoloe-11l-seg.pt,19.23.0-local-ai,logitech,unknown,,,0.842366,0.6,,,,usable
unknown-session,cmp-9cf0f9bf0b11,cmp-9cf0f9bf0b11-realsense-missing,realsense,1790627220.367,2026-09-28T20:27:00+00:00,,,,,,,,,,,,,,,,,,,,,,,,,,,,,missing,no_finalised_measurement_within_pairing_window,,,realsense,,,,,,,no_finalised_measurement_within_pairing_window,,missing
unknown-session,cmp-f3c4c470809a,3867331436560323,logitech,1790627262.4953957,2026-09-28T20:27:42+00:00,local,,empty-plane-perpendicular-height,can,,,65.00000000000001,64.99999999999994,179.47271855051403,,,,,,0.401199,,,,,,,brown,0.7698,cardboard,0.6204,unknown,0.6,1300.4,accepted,,yoloe-11l-seg.pt,19.23.0-local-ai,logitech,unknown,,,0.401199,0.6,,,,usable
unknown-session,cmp-f3c4c470809a,cmp-f3c4c470809a-realsense-missing,realsense,1790627321.203,2026-09-28T20:28:41+00:00,,,,,,,,,,,,,,,,,,,,,,,,,,,,,missing,no_finalised_measurement_within_pairing_window,,,realsense,,,,,,,no_finalised_measurement_within_pairing_window,,missing
unknown-session,cmp-f8d61fc8fb94,21d54074e15d7b29,logitech,1790627693.9235983,2026-09-28T20:34:53+00:00,local,,empty-plane-perpendicular-height,flexible household object,,,171.44794391276474,58.775489571816316,354.5592824163928,,,,,,1.972087,,,,,,,grey,0.591,unknown,0.0,mis_sort,0.6,1564.62,accepted,,yoloe-11l-seg.pt,19.23.0-local-ai,logitech,mis_sort,,,1.972087,0.6,,,,paired_with_different_object
unknown-session,cmp-f8d61fc8fb94,8342f2937d69efa1,realsense,1790627762.4810386,2026-09-28T20:36:02+00:00,local,,,can,irregular_rigid,0.35,60.23,36.23,41.44,,,,0.090432,0.114726,0.114726,segmented_height_map_volume,,,,,,blue,0.6722,plastic,0.6129,unknown,0.85,902.14,accepted,,yoloe-11l-seg.pt,19.23.0-local-ai,realsense,unknown,,,0.114726,0.85,,,,paired_with_different_object
unknown-session,cmp-bca5c0d4d559,4a6685d7fbb0df85,logitech,1790627764.772871,2026-09-28T20:36:04+00:00,local,,empty-plane-perpendicular-height,packaging object,,,55.00000000000004,35.00000000000001,44.8451758176857,,,,,,0.056251,,,,,,,cyan,0.6264,plastic,0.527,unknown,0.6,950.25,accepted,,yoloe-11l-seg.pt,19.23.0-local-ai,logitech,unknown,,,0.056251,0.6,,,,usable
unknown-session,cmp-bca5c0d4d559,cmp-bca5c0d4d559-realsense-missing,realsense,1790627822.561,2026-09-28T20:37:02+00:00,,,,,,,,,,,,,,,,,,,,,,,,,,,,,missing,no_finalised_measurement_within_pairing_window,,,realsense,,,,,,,no_finalised_measurement_within_pairing_window,,missing
unknown-session,cmp-91db760b9412,b39b9b9271f95519,logitech,1790627866.4889288,2026-09-28T20:37:46+00:00,local,,empty-plane-perpendicular-height,can,,,70.00000000000006,35.00000000000001,41.03150575839666,,,,,,0.060479,,,,,,,cyan,0.5837,plastic,0.6902,unknown,0.6,951.18,accepted,,yoloe-11l-seg.pt,19.23.0-local-ai,logitech,unknown,,,0.060479,0.6,,,,usable
unknown-session,cmp-cecc4c208637,363723058729217a,logitech,1790627873.5194542,2026-09-28T20:37:53+00:00,local,,empty-plane-perpendicular-height,rigid household object,,,169.438438328756,98.28719097496716,175.12338787051726,,,,,,1.405126,,,,,,,grey,0.6983,mixed or general waste,0.4171,mis_sort,0.6,863.45,accepted,,yoloe-11l-seg.pt,19.23.0-local-ai,logitech,mis_sort,,,1.405126,0.6,,,,usable
unknown-session,cmp-91db760b9412,cmp-91db760b9412-realsense-missing,realsense,1790627923.973,2026-09-28T20:38:43+00:00,,,,,,,,,,,,,,,,,,,,,,,,,,,,,missing,no_finalised_measurement_within_pairing_window,,,realsense,,,,,,,no_finalised_measurement_within_pairing_window,,missing
unknown-session,cmp-cecc4c208637,cmp-cecc4c208637-realsense-missing,realsense,1790627930.906,2026-09-28T20:38:50+00:00,,,,,,,,,,,,,,,,,,,,,,,,,,,,,missing,no_finalised_measurement_within_pairing_window,,,realsense,,,,,,,no_finalised_measurement_within_pairing_window,,missing
unknown-session,cmp-91a6f35876ba,a66c9d8143674dd7,logitech,1790628115.336794,2026-09-28T20:41:55+00:00,local,,empty-plane-perpendicular-height,rigid household object,,,50.76276618858135,28.574758339572206,16.237806481111075,,,,,,0.013082,,,,,,,grey,0.482,plastic,0.5004,unknown,0.238,950.36,accepted,,yoloe-11l-seg.pt,19.23.0-local-ai,logitech,unknown,,,0.013082,0.238,,,,paired_with_different_object
unknown-session,cmp-91a6f35876ba,355b758a6caf5d60,realsense,1790628191.4059038,2026-09-28T20:43:11+00:00,local,,,cosmetic bottle,irregular_rigid,0.6,75.74,51.35,183.09,,,,0.712119,0.290891,0.290891,segmented_height_map_volume,,,,,,grey,0.714,unknown,0.0,unknown,0.85,889.42,accepted,,yoloe-11l-seg.pt,19.23.0-local-ai,realsense,unknown,,,0.290891,0.85,,,,paired_with_different_object
unknown-session,cmp-808759e7b60d,1142653c0c877f52,logitech,1790628208.3746903,2026-09-28T20:43:28+00:00,local,,empty-plane-perpendicular-height,cosmetic bottle,,,105.0000000000001,64.99999999999999,207.2931153358627,,,,,,0.594587,,,,,,,grey,0.7471,cardboard,0.3913,unknown,0.6,1186.39,accepted,,yoloe-11l-seg.pt,19.23.0-local-ai,logitech,unknown,,,0.594587,0.6,,,,usable
unknown-session,cmp-808759e7b60d,cmp-808759e7b60d-realsense-missing,realsense,1790628267.058,2026-09-28T20:44:27+00:00,,,,,,,,,,,,,,,,,,,,,,,,,,,,,missing,no_finalised_measurement_within_pairing_window,,,realsense,,,,,,,no_finalised_measurement_within_pairing_window,,missing
unknown-session,cmp-f2443e663ffd,401554463296afaf,logitech,1790628276.9244723,2026-09-28T20:44:36+00:00,local,,empty-plane-perpendicular-height,textile item,,,429.31704435297,411.5972580763789,173.27524852710175,,,,,,17.22972,,,,,,,grey,0.6209,unknown,0.0,unknown,0.6,901.81,accepted,,yoloe-11l-seg.pt,19.23.0-local-ai,logitech,unknown,,,17.22972,0.6,,,,usable
unknown-session,cmp-ce2c7a19c870,3f660120557c68d8,logitech,1790682870.6947987,2026-09-29T11:54:30+00:00,local,,empty-plane-perpendicular-height,laptop,,,276.8576861618265,125.41396661341552,200.7694376224831,,,,,,3.677637,,,,,,,grey,0.9976,cardboard,0.4382,mis_sort,0.6,1172.39,accepted,,yoloe-11l-seg.pt,19.23.0-local-ai,logitech,mis_sort,,,3.677637,0.6,,,,usable
unknown-session,cmp-ce2c7a19c870,cmp-ce2c7a19c870-realsense-missing,realsense,1790682932.449,2026-09-29T11:55:32+00:00,,,,,,,,,,,,,,,,,,,,,,,,,,,,,missing,no_finalised_measurement_within_pairing_window,,,realsense,,,,,,,no_finalised_measurement_within_pairing_window,,missing
unknown-session,cmp-4872ca5aa923,884ada55a7ce470b,logitech,1790683025.0829968,2026-09-29T11:57:05+00:00,local,,empty-plane-perpendicular-height,rigid household object,,,,,,,,,,,,,,,,,,black,1.0,unknown,0.4907,unknown,,872.7,rejected,no_measurable_height_above_plane,yoloe-11l-seg.pt,19.23.0-local-ai,logitech,unknown,,,,,,no_measurable_height_above_plane,,rejected
unknown-session,cmp-4872ca5aa923,fbdaf176c5b85dd1,realsense,1790683094.0859823,2026-09-29T11:58:14+00:00,local,,,headphones,irregular_rigid,0.35,303.3,49.72,279.41,,,,4.213752,9.063893,9.063893,segmented_height_map_volume,,,,,,black,0.8701,mixed or general waste,0.5487,unknown,0.85,884.92,rejected,unstable_volume,yoloe-11l-seg.pt,19.23.0-local-ai,realsense,unknown,,,9.063893,0.85,,unstable_volume,,rejected
unknown-session,cmp-22fd56cc0746,73386982e89237a8,realsense,1790686950.1827116,2026-09-29T13:02:30+00:00,local,,,pillow,flexible_or_unknown,0.35,344.68,83.07,185.35,,,,5.306842,7.314871,7.314871,current_external_occupied_volume,,,,,,grey,0.7787,polythene bag,0.2054,mis_sort,0.65,867.8,rejected,no_valid_measurement,yoloe-11l-seg.pt,19.23.0-local-ai,realsense,mis_sort,,,7.314871,0.65,,no_valid_measurement,,rejected
unknown-session,cmp-22fd56cc0746,a7c76d1489ab446b,logitech,1790686989.780422,2026-09-29T13:03:09+00:00,local,,empty-plane-perpendicular-height,pillow,,,,,,,,,,,,,,,,,,orange,0.8894,unknown,0.0,mis_sort,,1119.83,rejected,no_measurable_height_above_plane,yoloe-11l-seg.pt,19.23.0-local-ai,logitech,mis_sort,,,,,,no_measurable_height_above_plane,,rejected
unknown-session,cmp-753244506804,04a1ba0c7d4fc0b3,logitech,1790686989.780422,2026-09-29T13:03:09+00:00,local,,empty-plane-perpendicular-height,pillow,,,,,,,,,,,,,,,,,,yellow,0.5478,paper,0.3737,mis_sort,,1119.83,rejected,no_measurable_height_above_plane,yoloe-11l-seg.pt,19.23.0-local-ai,logitech,mis_sort,,,,,,no_measurable_height_above_plane,,rejected
unknown-session,cmp-6a5982d60b4d,15f46b3f5a747e30,logitech,1790686989.780422,2026-09-29T13:03:09+00:00,local,,empty-plane-perpendicular-height,electronic item,,,,,,,,,,,,,,,,,,grey,1.0,metal,0.1856,mis_sort,,1119.83,rejected,no_measurable_height_above_plane,yoloe-11l-seg.pt,19.23.0-local-ai,logitech,mis_sort,,,,,,no_measurable_height_above_plane,,rejected
unknown-session,cmp-3140b86b5632,4d6f4fac751400b9,logitech,1790687005.1432202,2026-09-29T13:03:25+00:00,local,,empty-plane-perpendicular-height,rigid household object,,,,,,,,,,,,,,,,,,black,1.0,unknown,0.3867,unknown,,1132.89,rejected,no_measurable_height_above_plane,yoloe-11l-seg.pt,19.23.0-local-ai,logitech,unknown,,,,,,no_measurable_height_above_plane,,rejected
unknown-session,cmp-00a6a07a0529,f34ed0b2152078a8,logitech,1790687555.8235812,2026-09-29T13:12:35+00:00,local,,empty-plane-perpendicular-height,laptop,,,,,,,,,,,,,,,,,,grey,0.999,cardboard,1.0,mis_sort,,1010.55,rejected,no_measurable_height_above_plane,yoloe-11l-seg.pt,19.23.0-local-ai,logitech,mis_sort,,,,,,no_measurable_height_above_plane,,rejected
unknown-session,cmp-eabb035b237e,d2cf77bc093baef7,realsense,1790689978.896505,2026-09-29T13:52:58+00:00,local,,,pillow,uncertain,0.1,408.85,182.58,727.46,,,,54.302584,,,unavailable,,,,,,orange,0.8337,polythene bag,0.3946,mis_sort,0.85,860.39,rejected,no_valid_measurement,yoloe-11l-seg.pt,19.23.0-local-ai,realsense,mis_sort,,,,0.85,,no_valid_measurement,,rejected
unknown-session,cmp-eabb035b237e,503e7df330f18373,logitech,1790689978.2876859,2026-09-29T13:52:58+00:00,local,,empty-plane-perpendicular-height,pillow,,,,,,,,,,,,,,,,,,orange,0.921,paper,0.3501,mis_sort,,860.39,rejected,no_measurable_height_above_plane,yoloe-11l-seg.pt,19.23.0-local-ai,logitech,mis_sort,,,,,,no_measurable_height_above_plane,,rejected
unknown-session,cmp-bbaf6dce71de,274d05d849d3aefd,realsense,1790690681.4739866,2026-09-29T14:04:41+00:00,local,,,pillow,uncertain,0.1,453.54,281.84,717.45,,,,91.707354,,,unavailable,,,,,,orange,0.853,polythene bag,0.398,mis_sort,0.85,937.67,rejected,no_valid_measurement,yoloe-11l-seg.pt,19.23.0-local-ai,realsense,mis_sort,,,,0.85,,no_valid_measurement,,rejected
unknown-session,cmp-bbaf6dce71de,893c38baf4ec438f,logitech,1790690680.8822472,2026-09-29T14:04:40+00:00,local,,empty-plane-perpendicular-height,backpack,,,,,,,,,,,,,,,,,,black,0.9875,unknown,0.5188,unknown,,937.67,rejected,no_measurable_height_above_plane,yoloe-11l-seg.pt,19.23.0-local-ai,logitech,unknown,,,,,,no_measurable_height_above_plane,,rejected
